SecurityID,PriceDate,Price
22000,2026-07-15 23:52:25,77.3
22000,2026-07-16 23:15:23,75.93
22000,2026-07-17 23:07:21,75.14
22000,2026-07-18 23:05:42,75.46
22000,2026-07-19 23:06:43,76.1
22000,2026-07-20 22:40:23,77.9
22000,2026-07-21 22:36:03,77.98
22000,2026-07-22 23:16:00,77.599998
22000,2026-07-23 23:14:00,76.110001
22000,2026-07-24 20:02:00,73.989998
22000,2026-07-25 23:14:00,74.410004
22000,2026-07-26 07:47:00,74.839996
22000,2026-07-27 18:45:00,75.370003
22000,2026-07-27 23:35:13,75.58000183105469
22000,2026-07-28 23:55:59,74.15
22000,2026-07-29 23:50:03,72.89
22000,2026-07-30 23:39:10,74.42
22000,2026-07-31 00:00:00,72.96
22000,2026-07-31 23:35:07,72.96
22000,2026-08-01 23:14:56,71.65
22000,2026-08-02 23:15:36,73.66
22000,2026-08-03 23:58:50,73.66
22000,2026-08-04 23:45:30,74.01
22000,2026-08-05 23:41:07,74.08
22000,2026-08-06 16:44:02,73.45
22000,2026-08-07 23:19:25,73.69000244140625
22000,2026-08-08 23:47:29,76.0199966430664
22000,2026-08-09 23:49:17,76.31999969482422
22000,2026-08-10 23:19:58,76.05999755859375
22000,2026-08-11 23:06:11,76.18000030517578
22000,2026-08-12 23:24:43,75.33000183105469
22000,2026-08-13 23:25:58,76.16999816894531
22000,2026-08-14 23:41:13,75.27999877929688
22000,2026-08-15 23:58:58,75.29000091552734
22000,2026-08-16 23:58:19,74.52999877929688
22000,2026-08-17 23:40:44,75.93000030517578
22000,2026-08-18 23:40:04,77.12999725341797
22000,2026-08-19 23:40:55,85.51000213623047
22000,2026-08-20 23:43:07,87.56999969482422
22000,2026-08-21 23:41:57,93.79000091552734
22000,2026-08-22 23:59:38,93.80999755859376
22000,2026-08-23 23:59:33,95.41000366210938
22000,2026-08-24 23:40:06,98.62000274658205
22000,2026-08-25 23:41:05,96.87999725341795
22000,2026-08-26 22:31:20,100.11000061035156
22000,2026-08-27 15:17:47,107.56999969482422
22000,2026-08-28 22:27:46,103.87999725341795
22000,2026-08-29 23:38:49,105.62999725341795
22000,2026-08-30 22:48:30,103.68000030517578
22000,2026-08-31 21:06:46,103.33000183105467
22000,2026-08-31 23:45:47,103.85
22000,2026-09-01 15:13:30,101.33999633789062
22000,2026-09-01 23:45:47,99.42
22000,2026-09-02 23:45:47,99.7
22000,2026-09-03 23:45:20,105.29
22000,2026-09-04 23:45:18,101.9
22000,2026-09-05 23:45:54,103.97
22000,2026-09-06 23:45:37,106.2
22000,2026-09-07 23:45:57,103.9
22000,2026-09-08 23:45:57,103.06
22000,2026-09-09 23:45:57,102.07
22000,2026-09-10 23:45:17,99.86
22000,2026-09-11 23:45:51,102.67
22000,2026-09-12 23:45:22,101.53
22000,2026-09-13 23:45:51,101.33
22000,2026-09-14 23:45:40,103.32
22000,2026-09-15 23:45:42,96.97
22000,2026-09-16 23:45:42,98.12
22000,2026-09-17 23:45:42,101.3
22000,2026-09-18 23:45:42,113.19
22000,2026-09-19 23:45:42,110.46
22000,2026-09-20 23:45:48,109.7
22000,2026-09-21 23:45:49,119.53
22000,2026-09-22 23:45:48,118.08
22000,2026-09-23 23:45:48,114.63
22000,2026-09-24 23:45:10,117.1
22000,2026-09-25 23:45:27,120.96
22000,2026-09-26 23:45:26,121.33
22000,2026-09-27 23:45:25,122.71
22000,2026-09-28 00:00:28,122.98
22000,2026-09-28 00:15:26,121.4
22000,2026-09-28 00:30:27,121.84
22000,2026-09-28 00:45:25,121.07
22000,2026-09-28 01:00:28,121.58
22000,2026-09-28 01:15:25,121.45
22000,2026-09-28 01:30:28,122.0
22000,2026-09-28 01:45:26,121.76
22000,2026-09-28 02:00:29,121.91
22000,2026-09-28 02:15:25,121.82
22000,2026-09-28 02:30:27,122.6
22000,2026-09-28 02:45:25,121.84
22000,2026-09-28 03:00:33,121.59
22000,2026-09-28 03:15:26,121.44
22000,2026-09-28 03:30:28,122.06
22000,2026-09-28 03:45:26,121.12
22000,2026-09-28 04:00:29,120.62
22000,2026-09-28 04:15:26,121.22
22000,2026-09-28 04:30:28,120.72
22000,2026-09-28 04:45:25,120.35
22000,2026-09-28 05:00:28,120.25
22000,2026-09-28 05:15:26,120.17
22000,2026-09-28 05:30:28,119.74
22000,2026-09-28 05:45:25,120.17
22000,2026-09-28 06:00:28,119.7
22000,2026-09-28 06:15:25,119.8
22000,2026-09-28 06:30:27,119.93
22000,2026-09-28 06:45:25,120.03
22000,2026-09-28 07:00:28,120.0
22000,2026-09-28 07:15:26,119.49
22000,2026-09-28 07:30:27,119.07
22000,2026-09-28 07:45:25,119.26
22000,2026-09-28 08:00:27,119.11
22000,2026-09-28 08:15:25,119.2
22000,2026-09-28 08:30:27,118.36
22000,2026-09-28 08:45:25,118.7
22000,2026-09-28 09:00:35,118.7
22000,2026-09-28 09:15:25,118.57
22000,2026-09-28 09:30:27,118.23
22000,2026-09-28 09:45:25,118.2
22000,2026-09-28 10:00:27,118.02
22000,2026-09-28 10:15:25,118.53
22000,2026-09-28 10:30:27,118.36
22000,2026-09-28 10:45:25,118.13
22000,2026-09-28 11:00:27,118.31
22000,2026-09-28 11:15:25,118.46
22000,2026-09-28 11:30:27,118.12
22000,2026-09-28 11:45:25,117.68
22000,2026-09-28 12:00:28,117.76
22000,2026-09-28 12:15:24,118.03
22000,2026-09-28 12:30:25,118.08
22000,2026-09-28 12:45:25,118.5
22000,2026-09-28 13:00:27,118.59
22000,2026-09-28 13:15:25,118.52
22000,2026-09-28 13:30:26,118.6
22000,2026-09-28 13:45:25,118.61
22000,2026-09-28 14:00:27,118.67
22000,2026-09-28 14:15:25,119.42
22000,2026-09-28 14:30:28,119.39
22000,2026-09-28 14:45:25,119.74
22000,2026-09-28 15:00:28,119.81
22000,2026-09-28 15:15:25,119.62
22000,2026-09-28 15:30:27,120.01
22000,2026-09-28 15:45:25,120.09
22000,2026-09-28 16:00:28,119.7
22000,2026-09-28 16:15:25,119.3
22000,2026-09-28 16:30:26,118.62
22000,2026-09-28 16:45:26,118.09
22000,2026-09-28 17:00:28,118.21
22000,2026-09-28 17:15:25,117.75
22000,2026-09-28 17:30:27,118.2
22000,2026-09-28 17:45:26,118.34
22000,2026-09-28 18:00:27,118.64
22000,2026-09-28 18:15:25,118.65
22000,2026-09-28 18:30:28,120.04
22000,2026-09-28 18:45:27,119.26
22000,2026-09-28 19:00:27,119.07
22000,2026-09-28 19:15:25,120.26
22000,2026-09-28 19:30:28,119.76
22000,2026-09-28 19:45:25,119.94
22000,2026-09-28 20:00:28,119.58
22000,2026-09-28 20:15:25,119.86
22000,2026-09-28 20:30:28,119.71
22000,2026-09-28 20:45:28,119.57
22000,2026-09-28 21:00:28,119.91
22000,2026-09-28 21:15:26,119.08
22000,2026-09-28 21:30:28,118.84
22000,2026-09-28 21:45:25,118.28
22000,2026-09-28 22:00:27,118.42
22000,2026-09-28 22:15:24,118.88
22000,2026-09-28 22:30:26,118.74
22000,2026-09-28 22:45:26,118.67
22000,2026-09-28 23:00:28,118.92
22000,2026-09-28 23:15:27,118.72
22000,2026-09-28 23:30:26,118.29
22000,2026-09-28 23:45:25,118.1
22000,2026-09-29 00:00:32,117.64
22000,2026-09-29 00:15:28,117.5
22000,2026-09-29 00:30:27,117.67
22000,2026-09-29 00:45:26,118.37
22000,2026-09-29 01:00:28,118.54
22000,2026-09-29 01:15:25,118.62
22000,2026-09-29 01:30:28,118.9
22000,2026-09-29 01:45:25,118.74
22000,2026-09-29 02:00:29,118.71
22000,2026-09-29 02:15:26,118.71
22000,2026-09-29 02:30:26,118.8
22000,2026-09-29 02:45:25,118.79
22000,2026-09-29 03:00:28,118.01
22000,2026-09-29 03:15:26,117.54
22000,2026-09-29 03:30:27,116.76
22000,2026-09-29 03:45:24,116.92
22000,2026-09-29 04:00:28,117.18
22000,2026-09-29 04:15:26,117.03
22000,2026-09-29 04:30:28,116.62
22000,2026-09-29 04:45:27,116.96
22000,2026-09-29 05:00:28,116.9
22000,2026-09-29 05:15:24,116.98
22000,2026-09-29 05:30:27,117.67
22000,2026-09-29 05:45:25,117.86
22000,2026-09-29 06:00:18,117.79
22000,2026-09-29 06:15:17,117.74
22000,2026-09-29 06:30:17,117.79
22000,2026-09-29 06:45:17,117.56
22000,2026-09-29 07:00:17,117.66
22000,2026-09-29 07:15:18,117.86
22000,2026-09-29 07:30:17,117.86
22000,2026-09-29 07:45:17,117.88
22000,2026-09-29 08:00:17,118.18
22000,2026-09-29 08:15:17,119.06
22000,2026-09-29 08:30:17,118.98
22000,2026-09-29 08:45:17,118.96
22000,2026-09-29 09:00:17,119.13
22000,2026-09-29 09:15:17,119.36
22000,2026-09-29 09:30:17,119.33
22000,2026-09-29 09:45:17,119.53
22000,2026-09-29 10:00:17,119.55
22000,2026-09-29 10:15:17,119.39
22000,2026-09-29 10:30:17,119.57
22000,2026-09-29 10:45:04,119.05
22000,2026-09-29 11:00:04,119.14
22000,2026-09-29 11:15:04,118.94
22000,2026-09-29 11:30:04,119.25
22000,2026-09-29 11:45:04,119.62
22000,2026-09-29 12:00:04,119.88
22000,2026-09-29 12:15:04,119.85
22000,2026-09-29 12:30:04,119.63
22000,2026-09-29 12:45:04,119.25
22000,2026-09-29 13:00:04,119.38
22000,2026-09-29 13:15:04,119.23
22000,2026-09-29 13:30:04,119.27
22000,2026-09-29 13:45:04,119.8
22000,2026-09-29 14:00:04,120.12
22000,2026-09-29 14:15:04,120.05
22000,2026-09-29 14:30:04,120.11
22000,2026-09-29 14:45:04,120.7
22000,2026-09-29 15:00:04,120.82
22000,2026-09-29 15:15:04,120.98
22000,2026-09-29 15:30:04,121.17
22000,2026-09-29 15:45:04,121.18
22000,2026-09-29 16:00:04,120.95
22000,2026-09-29 16:15:05,120.42
22000,2026-09-29 16:30:04,120.54
22000,2026-09-29 16:45:04,120.62
22000,2026-09-29 17:00:04,120.18
22000,2026-09-29 17:15:04,119.36
22000,2026-09-29 17:30:04,118.25
22000,2026-09-29 17:45:04,118.54
22000,2026-09-29 18:00:04,118.19
22000,2026-09-29 18:15:04,118.29
22000,2026-09-29 18:30:04,118.51
22000,2026-09-29 18:45:04,118.03
22000,2026-09-29 19:00:04,118.02
22000,2026-09-29 19:15:04,118.19
22000,2026-09-29 19:30:04,117.99
22000,2026-09-29 19:45:04,117.81
22000,2026-09-29 20:00:04,117.78
22000,2026-09-29 20:15:04,118.44
22000,2026-09-29 20:30:04,118.61
22000,2026-09-29 20:45:04,119.13
22000,2026-09-29 21:00:04,119.12
22000,2026-09-29 21:15:04,119.29
22000,2026-09-29 21:30:04,119.22
22000,2026-09-29 21:31:06,119.26
22000,2026-09-29 21:45:55,118.67
22000,2026-09-29 22:01:15,118.84
22000,2026-09-29 22:15:57,118.86
22000,2026-09-29 22:31:01,119.03
22000,2026-09-29 22:45:57,118.92
22000,2026-09-29 23:01:11,119.06
22000,2026-09-29 23:15:52,119.04
22000,2026-09-29 23:30:56,118.66
22000,2026-09-29 23:45:52,118.52
22000,2026-09-30 00:01:03,119.06
22000,2026-09-30 00:15:52,119.11
22000,2026-09-30 00:30:56,119.03
22000,2026-09-30 00:45:52,119.19
22000,2026-09-30 01:01:04,119.08
22000,2026-09-30 01:15:52,119.62
22000,2026-09-30 01:30:58,119.32
22000,2026-09-30 01:45:52,119.08
22000,2026-09-30 02:01:03,119.09
22000,2026-09-30 02:15:52,118.82
22000,2026-09-30 02:30:55,118.89
22000,2026-09-30 02:45:52,118.65
22000,2026-09-30 03:01:00,118.86
22000,2026-09-30 03:15:52,119.28
22000,2026-09-30 03:30:54,119.28
22000,2026-09-30 03:45:52,119.4
22000,2026-09-30 04:01:02,119.53
22000,2026-09-30 04:15:52,119.69
22000,2026-09-30 04:30:55,119.3
22000,2026-09-30 04:45:52,119.46
22000,2026-09-30 05:01:10,119.64
22000,2026-09-30 05:15:54,119.55
22000,2026-09-30 05:31:00,119.25
22000,2026-09-30 05:45:58,119.42
22000,2026-09-30 06:01:15,119.11
22000,2026-09-30 06:15:55,119.47
22000,2026-09-30 06:31:09,119.23
22000,2026-09-30 06:45:59,119.09
22000,2026-09-30 07:01:17,119.1
22000,2026-09-30 07:15:57,118.48
22000,2026-09-30 07:31:10,119.33
22000,2026-09-30 07:45:56,119.54
22000,2026-09-30 08:01:29,119.01
22000,2026-09-30 08:16:04,118.6
22000,2026-09-30 08:31:12,118.46
22000,2026-09-30 08:45:59,118.18
22000,2026-09-30 09:01:20,118.08
22000,2026-09-30 09:16:00,118.01
22000,2026-09-30 09:31:09,118.5
22000,2026-09-30 09:45:57,118.81
22000,2026-09-30 10:01:22,118.4
22000,2026-09-30 10:15:58,118.08
22000,2026-09-30 10:31:04,117.87
22000,2026-09-30 10:46:00,117.89
22000,2026-09-30 11:00:57,118.21
22000,2026-09-30 11:15:33,118.63
22000,2026-09-30 11:30:48,118.91
22000,2026-09-30 11:45:37,119.11
22000,2026-09-30 12:00:45,119.52
22000,2026-09-30 12:15:33,119.26
22000,2026-09-30 12:30:36,119.59
22000,2026-09-30 12:45:33,119.78
22000,2026-09-30 13:00:46,119.72
22000,2026-09-30 13:15:33,119.47
22000,2026-09-30 13:30:43,119.47
22000,2026-09-30 13:45:42,119.79
22000,2026-09-30 14:00:45,119.57
22000,2026-09-30 14:15:34,119.58
22000,2026-09-30 14:31:03,120.81
22000,2026-09-30 14:45:40,121.62
22000,2026-09-30 15:00:43,121.97
22000,2026-09-30 15:15:45,122.53
22000,2026-09-30 15:30:40,122.2
22000,2026-09-30 15:45:37,121.04
22000,2026-09-30 16:00:49,120.77
22000,2026-09-30 16:15:44,120.2
22000,2026-09-30 16:30:38,118.82
22000,2026-09-30 16:45:34,118.73
22000,2026-09-30 17:00:50,118.94
22000,2026-09-30 17:15:37,118.78
22000,2026-09-30 17:31:05,118.75
22000,2026-09-30 17:45:38,118.92
22000,2026-09-30 18:01:00,119.25
22000,2026-09-30 18:15:45,119.55
22000,2026-09-30 18:30:37,119.71
22000,2026-09-30 18:45:50,120.0
22000,2026-09-30 19:01:13,120.21
22000,2026-09-30 19:15:36,120.06
22000,2026-09-30 19:30:36,119.63
22000,2026-09-30 19:45:33,119.05
22000,2026-09-30 20:00:38,119.28
22000,2026-09-30 20:15:48,118.84
22000,2026-09-30 20:30:36,118.8
22000,2026-09-30 20:45:33,118.34
22000,2026-09-30 21:00:39,118.56
22000,2026-09-30 21:15:31,118.1
22000,2026-09-30 21:30:36,117.82
22000,2026-09-30 21:45:32,117.8
22000,2026-09-30 22:00:39,117.35
22000,2026-09-30 22:15:29,117.62
22000,2026-09-30 22:30:49,117.96
22000,2026-09-30 22:45:31,118.04
22000,2026-09-30 23:00:37,118.07
22000,2026-09-30 23:15:44,117.96
22000,2026-09-30 23:30:46,117.94
22000,2026-09-30 23:45:45,118.02
22000,2026-10-01 00:00:33,118.0
22000,2026-10-01 00:15:36,117.94
22000,2026-10-01 00:30:49,118.23
22000,2026-10-01 00:45:30,118.43
22000,2026-10-01 01:00:38,118.13
22000,2026-10-01 01:15:31,118.2
22000,2026-10-01 01:30:32,118.12
22000,2026-10-01 01:45:41,118.11
22000,2026-10-01 02:00:37,118.02
22000,2026-10-01 02:15:30,117.94
22000,2026-10-01 02:30:35,117.9
22000,2026-10-01 02:45:30,118.07
22000,2026-10-01 03:00:36,117.93
22000,2026-10-01 03:15:30,117.9
22000,2026-10-01 03:30:43,118.16
22000,2026-10-01 03:45:30,118.22
22000,2026-10-01 04:00:34,118.11
22000,2026-10-01 04:15:32,118.15
22000,2026-10-01 04:30:45,118.22
22000,2026-10-01 04:45:30,117.91
22000,2026-10-01 05:00:50,118.14
22000,2026-10-01 05:15:32,118.0
22000,2026-10-01 05:30:46,117.93
22000,2026-10-01 05:45:37,118.27
22000,2026-10-01 06:00:49,118.6
22000,2026-10-01 06:15:35,118.51
22000,2026-10-01 06:30:42,118.57
22000,2026-10-01 06:45:34,118.62
22000,2026-10-01 07:00:48,119.05
22000,2026-10-01 07:15:36,119.16
22000,2026-10-01 07:30:41,119.16
22000,2026-10-01 07:45:37,119.26
22000,2026-10-01 08:00:53,119.29
22000,2026-10-01 08:15:33,119.43
22000,2026-10-01 08:30:50,119.52
22000,2026-10-01 08:45:43,119.14
22000,2026-10-01 09:01:21,119.22
22000,2026-10-01 09:15:35,118.94
22000,2026-10-01 09:30:51,117.66
22000,2026-10-01 09:45:34,117.5
22000,2026-10-01 10:00:53,117.46
22000,2026-10-01 10:15:37,117.32
22000,2026-10-01 10:30:43,117.49
22000,2026-10-01 10:45:56,117.64
22000,2026-10-01 11:00:44,117.84
22000,2026-10-01 11:15:34,117.8
22000,2026-10-01 11:30:47,117.91
22000,2026-10-01 11:45:49,117.95
22000,2026-10-01 12:00:38,117.53
22000,2026-10-01 12:15:36,117.4
22000,2026-10-01 12:30:47,117.45
22000,2026-10-01 12:45:41,117.81
22000,2026-10-01 13:01:04,117.87
22000,2026-10-01 13:15:48,117.73
22000,2026-10-01 13:30:33,117.7
22000,2026-10-01 13:45:34,117.96
22000,2026-10-01 14:01:03,117.93
22000,2026-10-01 14:15:40,117.72
22000,2026-10-01 14:30:34,117.72
22000,2026-10-01 14:45:32,117.62
22000,2026-10-01 15:00:46,117.31
22000,2026-10-01 15:15:35,116.76
22000,2026-10-01 15:30:39,117.19
22000,2026-10-01 15:45:35,117.99
22000,2026-10-01 16:01:12,117.46
22000,2026-10-01 16:15:53,117.65
22000,2026-10-01 16:30:43,117.82
22000,2026-10-01 16:45:33,117.64
22000,2026-10-01 17:00:36,117.42
22000,2026-10-01 17:15:32,117.38
22000,2026-10-01 17:30:45,117.26
22000,2026-10-01 17:45:37,117.12
22000,2026-10-01 18:00:39,117.29
22000,2026-10-01 18:15:39,117.43
22000,2026-10-01 18:30:32,117.48
22000,2026-10-01 18:45:34,117.34
22000,2026-10-01 19:01:03,117.2
22000,2026-10-01 19:15:40,117.76
22000,2026-10-01 19:30:37,118.86
22000,2026-10-01 19:45:32,118.93
22000,2026-10-01 20:00:45,118.13
22000,2026-10-01 20:15:32,118.49
22000,2026-10-01 20:30:34,118.29
22000,2026-10-01 20:45:32,118.6
22000,2026-10-01 21:00:42,118.34
22000,2026-10-01 21:15:30,118.42
22000,2026-10-01 21:30:38,117.51
22000,2026-10-01 21:45:29,118.0
22000,2026-10-01 22:00:37,118.29
22000,2026-10-01 22:15:30,118.4
22000,2026-10-01 22:30:34,118.22
22000,2026-10-01 22:45:29,117.9
22000,2026-10-01 23:00:40,118.09
22000,2026-10-01 23:15:31,117.82
22000,2026-10-01 23:30:40,117.74
22000,2026-10-01 23:45:30,117.41
22000,2026-10-02 00:00:46,117.83
22000,2026-10-02 00:15:29,117.98
22000,2026-10-02 00:30:31,118.12
22000,2026-10-02 00:45:30,118.08
22000,2026-10-02 01:00:32,118.19
22000,2026-10-02 01:15:30,118.16
22000,2026-10-02 01:30:42,118.34
22000,2026-10-02 01:45:29,118.29
22000,2026-10-02 02:00:46,118.26
22000,2026-10-02 02:15:30,118.43
22000,2026-10-02 02:30:33,118.62
22000,2026-10-02 02:45:37,118.97
22000,2026-10-02 03:00:36,118.78
22000,2026-10-02 03:15:29,118.74
22000,2026-10-02 03:30:30,118.8
22000,2026-10-02 03:45:35,118.69
22000,2026-10-02 04:00:35,119.41
22000,2026-10-02 04:15:29,119.86
22000,2026-10-02 04:30:42,119.72
22000,2026-10-02 04:45:30,119.68
22000,2026-10-02 05:00:34,120.03
22000,2026-10-02 05:15:31,120.09
22000,2026-10-02 05:30:44,119.98
22000,2026-10-02 05:45:31,120.28
22000,2026-10-02 06:00:49,121.26
22000,2026-10-02 06:15:31,120.69
22000,2026-10-02 06:30:32,122.35
22000,2026-10-02 06:45:31,122.33
22000,2026-10-02 07:00:50,123.69
22000,2026-10-02 07:15:33,123.31
22000,2026-10-02 07:30:35,122.56
22000,2026-10-02 07:45:33,122.06
22000,2026-10-02 08:00:39,121.78
22000,2026-10-02 08:15:32,121.69
22000,2026-10-02 08:30:36,121.81
22000,2026-10-02 08:45:31,121.79
22000,2026-10-02 09:00:46,121.66
22000,2026-10-02 09:15:33,121.55
22000,2026-10-02 09:30:39,121.1
22000,2026-10-02 09:45:32,121.13
22000,2026-10-02 10:00:40,121.85
22000,2026-10-02 10:15:32,122.01
22000,2026-10-02 10:30:33,122.36
22000,2026-10-02 10:45:30,122.2
22000,2026-10-02 11:00:54,121.98
22000,2026-10-02 11:15:36,122.02
22000,2026-10-02 11:30:38,121.7
22000,2026-10-02 11:45:38,121.86
22000,2026-10-02 12:00:32,121.74
22000,2026-10-02 12:15:34,121.6
22000,2026-10-02 12:30:44,121.78
22000,2026-10-02 12:45:30,122.06
22000,2026-10-02 13:00:43,121.91
22000,2026-10-02 13:15:30,122.24
22000,2026-10-02 13:30:35,122.01
22000,2026-10-02 13:45:29,121.99
22000,2026-10-02 14:00:41,121.82
22000,2026-10-02 14:15:38,121.75
22000,2026-10-02 14:30:32,122.2
22000,2026-10-02 14:45:30,121.93
22000,2026-10-02 15:00:39,122.45
22000,2026-10-02 15:15:31,122.36
22000,2026-10-02 15:30:54,122.32
22000,2026-10-02 15:45:31,122.93
22000,2026-10-02 16:00:39,122.0
22000,2026-10-02 16:15:33,121.7
22000,2026-10-02 16:30:31,121.52
22000,2026-10-02 16:45:31,121.4
22000,2026-10-02 17:00:49,120.65
22000,2026-10-02 17:15:37,120.19
22000,2026-10-02 17:30:33,120.02
22000,2026-10-02 17:45:30,119.95
22000,2026-10-02 18:00:47,119.94
22000,2026-10-02 18:15:29,120.18
22000,2026-10-02 18:30:36,119.96
22000,2026-10-02 18:45:34,119.95
22000,2026-10-02 19:00:45,119.95
22000,2026-10-02 19:15:30,119.72
22000,2026-10-02 19:30:35,119.64
22000,2026-10-02 19:45:33,119.34
22000,2026-10-02 20:00:35,119.75
22000,2026-10-02 20:15:30,119.72
22000,2026-10-02 20:30:34,118.84
22000,2026-10-02 20:45:43,117.7
22000,2026-10-02 21:00:37,118.26
22000,2026-10-02 21:15:31,117.85
22000,2026-10-02 21:30:34,117.9
22000,2026-10-02 21:45:41,118.06
22000,2026-10-02 22:00:36,118.0
22000,2026-10-02 22:15:30,118.08
22000,2026-10-02 22:30:44,118.09
22000,2026-10-02 22:45:28,117.74
22000,2026-10-02 23:00:46,117.84
22000,2026-10-02 23:15:33,118.09
22000,2026-10-02 23:30:41,117.75
22000,2026-10-02 23:45:30,118.11
22000,2026-10-03 00:00:45,118.17
22000,2026-10-03 00:15:29,118.09
22000,2026-10-03 00:30:30,118.31
22000,2026-10-03 00:45:30,118.46
22000,2026-10-03 01:00:36,118.51
22000,2026-10-03 01:15:28,118.4
22000,2026-10-03 01:30:32,118.5
22000,2026-10-03 01:45:38,118.68
22000,2026-10-03 02:00:43,118.6
22000,2026-10-03 02:15:29,118.75
22000,2026-10-03 02:30:33,119.02
22000,2026-10-03 02:45:34,119.09
22000,2026-10-03 03:00:33,118.93
22000,2026-10-03 03:15:29,119.45
22000,2026-10-03 03:30:34,119.34
22000,2026-10-03 03:45:39,119.33
22000,2026-10-03 04:00:34,119.11
22000,2026-10-03 04:15:31,119.22
22000,2026-10-03 04:30:40,119.1
22000,2026-10-03 04:45:32,119.09
22000,2026-10-03 05:00:34,118.89
22000,2026-10-03 05:15:29,118.9
22000,2026-10-03 05:30:39,119.08
22000,2026-10-03 05:45:30,119.23
22000,2026-10-03 06:00:33,119.38
22000,2026-10-03 06:15:30,119.23
22000,2026-10-03 06:30:51,119.0
22000,2026-10-03 06:45:34,119.14
22000,2026-10-03 07:00:48,119.15
22000,2026-10-03 07:15:32,119.27
22000,2026-10-03 07:30:41,119.57
22000,2026-10-03 07:45:31,119.54
22000,2026-10-03 08:00:53,119.64
22000,2026-10-03 08:15:30,119.45
22000,2026-10-03 08:30:33,119.66
22000,2026-10-03 08:45:31,119.54
22000,2026-10-03 09:00:54,119.38
22000,2026-10-03 09:15:42,119.49
22000,2026-10-03 09:30:44,119.32
22000,2026-10-03 09:45:32,119.18
22000,2026-10-03 10:00:34,119.25
22000,2026-10-03 10:15:30,119.38
22000,2026-10-03 10:30:46,119.17
22000,2026-10-03 10:45:32,119.22
22000,2026-10-03 11:00:57,119.24
22000,2026-10-03 11:15:30,119.35
22000,2026-10-03 11:30:45,119.2
22000,2026-10-03 11:45:29,119.33
22000,2026-10-03 12:00:52,119.32
22000,2026-10-03 12:15:31,119.36
22000,2026-10-03 12:30:35,119.46
22000,2026-10-03 12:45:30,119.48
22000,2026-10-03 13:00:33,119.47
22000,2026-10-03 13:15:30,119.25
22000,2026-10-03 13:30:35,119.33
22000,2026-10-03 13:45:44,119.36
22000,2026-10-03 14:00:59,119.33
22000,2026-10-03 14:15:31,119.4
22000,2026-10-03 14:30:36,119.44
22000,2026-10-03 14:45:30,119.34
22000,2026-10-03 15:01:01,119.42
22000,2026-10-03 15:15:29,119.49
22000,2026-10-03 15:30:28,119.44
22000,2026-10-03 15:45:41,119.37
22000,2026-10-03 16:00:30,119.41
22000,2026-10-03 16:15:30,119.17
22000,2026-10-03 16:30:32,119.47
22000,2026-10-03 16:45:32,119.48
22000,2026-10-03 17:00:30,119.66
22000,2026-10-03 17:15:33,119.6
22000,2026-10-03 17:30:48,119.51
22000,2026-10-03 17:45:39,119.61
22000,2026-10-03 18:00:34,119.71
22000,2026-10-03 18:15:30,119.6
22000,2026-10-03 18:30:35,119.62
22000,2026-10-03 18:45:39,119.82
22000,2026-10-03 19:00:30,119.71
22000,2026-10-03 19:15:35,119.82
22000,2026-10-03 19:30:52,119.68
22000,2026-10-03 19:45:30,119.91
22000,2026-10-03 20:00:33,119.93
22000,2026-10-03 20:15:31,119.92
22000,2026-10-03 20:30:36,119.83
22000,2026-10-03 20:45:43,119.9
22000,2026-10-03 21:00:53,119.89
22000,2026-10-03 21:15:43,119.84
22000,2026-10-03 21:30:28,119.79
22000,2026-10-03 21:45:35,119.65
22000,2026-10-03 22:00:33,119.83
22000,2026-10-03 22:15:29,119.91
22000,2026-10-03 22:30:31,120.05
22000,2026-10-03 22:45:32,119.91
22000,2026-10-03 23:00:40,119.8
22000,2026-10-03 23:15:29,119.71
22000,2026-10-03 23:30:29,119.6
22000,2026-10-03 23:45:40,119.57
22000,2026-10-04 00:00:34,119.6
22000,2026-10-04 00:15:29,119.76
22000,2026-10-04 00:30:32,119.81
22000,2026-10-04 00:45:29,119.84
22000,2026-10-04 01:00:44,119.71
22000,2026-10-04 01:15:29,119.68
22000,2026-10-04 01:30:34,119.74
22000,2026-10-04 01:45:30,119.68
22000,2026-10-04 02:00:47,119.59
22000,2026-10-04 02:15:29,119.76
22000,2026-10-04 02:30:40,119.97
22000,2026-10-04 02:45:31,120.05
22000,2026-10-04 03:00:33,120.16
22000,2026-10-04 03:15:32,120.13
22000,2026-10-04 03:30:33,120.07
22000,2026-10-04 03:45:30,120.02
22000,2026-10-04 04:00:45,120.18
22000,2026-10-04 04:15:31,120.14
22000,2026-10-04 04:30:30,120.13
22000,2026-10-04 04:45:41,120.12
22000,2026-10-04 05:00:48,120.44
22000,2026-10-04 05:15:31,120.27
22000,2026-10-04 05:30:33,120.36
22000,2026-10-04 05:45:30,120.86
22000,2026-10-04 06:00:49,120.67
22000,2026-10-04 06:15:30,120.6
22000,2026-10-04 06:30:44,120.78
22000,2026-10-04 06:45:31,120.52
22000,2026-10-04 07:00:36,120.61
22000,2026-10-04 07:15:30,120.7
22000,2026-10-04 07:30:41,120.73
22000,2026-10-04 07:45:32,121.02
22000,2026-10-04 08:00:46,120.8
22000,2026-10-04 08:15:45,120.85
22000,2026-10-04 08:30:37,120.68
22000,2026-10-04 08:45:31,120.78
22000,2026-10-04 09:00:34,120.97
22000,2026-10-04 09:15:35,121.18
22000,2026-10-04 09:30:31,121.08
22000,2026-10-04 09:45:45,120.96
22000,2026-10-04 10:00:34,121.1
22000,2026-10-04 10:15:34,121.01
22000,2026-10-04 10:30:35,121.1
22000,2026-10-04 10:45:33,120.87
22000,2026-10-04 11:00:32,120.96
22000,2026-10-04 11:15:32,120.91
22000,2026-10-04 11:30:36,121.26
22000,2026-10-04 11:45:33,121.3
22000,2026-10-04 12:00:40,121.32
22000,2026-10-04 12:15:40,121.51
22000,2026-10-04 12:30:48,121.26
22000,2026-10-04 12:45:31,121.42
22000,2026-10-04 13:00:31,121.27
22000,2026-10-04 13:15:40,121.25
22000,2026-10-04 13:30:38,121.41
22000,2026-10-04 13:45:37,121.24
22000,2026-10-04 14:00:48,121.17
22000,2026-10-04 14:15:42,121.43
22000,2026-10-04 14:30:49,121.5
22000,2026-10-04 14:45:47,121.45
22000,2026-10-04 15:00:57,121.32
22000,2026-10-04 15:15:32,121.46
22000,2026-10-04 15:30:49,121.69
22000,2026-10-04 15:45:32,121.59
22000,2026-10-04 16:00:37,121.7
22000,2026-10-04 16:15:41,121.63
22000,2026-10-04 16:30:32,121.49
22000,2026-10-04 16:45:44,121.38
22000,2026-10-04 17:00:32,121.84
22000,2026-10-04 17:15:47,121.94
22000,2026-10-04 17:30:55,121.7
22000,2026-10-04 17:45:30,121.67
22000,2026-10-04 18:00:37,121.58
22000,2026-10-04 18:15:31,121.6
22000,2026-10-04 18:30:29,121.49
22000,2026-10-04 18:45:32,121.63
22000,2026-10-04 19:00:57,121.73
22000,2026-10-04 19:15:30,121.64
22000,2026-10-04 19:30:30,121.75
22000,2026-10-04 19:45:36,121.68
22000,2026-10-04 20:00:59,121.43
22000,2026-10-04 20:15:33,121.38
22000,2026-10-04 20:30:38,121.43
22000,2026-10-04 20:45:43,121.51
22000,2026-10-04 21:00:37,121.47
22000,2026-10-04 21:15:29,121.61
22000,2026-10-04 21:30:46,121.42
22000,2026-10-04 21:45:42,121.34
22000,2026-10-04 22:00:51,120.95
22000,2026-10-04 22:15:30,120.89
22000,2026-10-04 22:30:30,120.88
22000,2026-10-04 22:45:40,120.99
22000,2026-10-04 23:00:28,121.28
22000,2026-10-04 23:15:39,121.53
22000,2026-10-04 23:30:32,121.43
22000,2026-10-04 23:45:30,121.47
22000,2026-10-05 00:00:35,121.44
22000,2026-10-05 00:15:28,121.95
22000,2026-10-05 00:30:41,121.72
22000,2026-10-05 00:45:28,121.93
22000,2026-10-05 01:00:36,121.67
22000,2026-10-05 01:15:38,121.97
22000,2026-10-05 01:30:44,121.92
22000,2026-10-05 01:45:30,121.56
22000,2026-10-05 02:00:48,121.47
22000,2026-10-05 02:15:29,121.35
22000,2026-10-05 02:30:34,120.88
22000,2026-10-05 02:45:30,121.28
22000,2026-10-05 03:00:32,121.21
22000,2026-10-05 03:15:32,121.34
22000,2026-10-05 03:30:30,121.48
22000,2026-10-05 03:45:32,121.09
22000,2026-10-05 04:00:51,121.13
22000,2026-10-05 04:15:34,121.54
22000,2026-10-05 04:30:42,121.33
22000,2026-10-05 04:45:42,121.48
22000,2026-10-05 05:00:37,121.09
22000,2026-10-05 05:15:32,121.23
22000,2026-10-05 05:30:39,121.0
22000,2026-10-05 05:45:33,120.72
22000,2026-10-05 06:00:55,120.35
22000,2026-10-05 06:15:29,120.41
22000,2026-10-05 06:30:29,120.53
22000,2026-10-05 06:45:29,120.37
22000,2026-10-05 07:00:33,120.44
22000,2026-10-05 07:15:33,120.31
22000,2026-10-05 07:30:45,120.02
22000,2026-10-05 07:45:36,120.5
22000,2026-10-05 08:00:47,120.48
22000,2026-10-05 08:15:38,120.85
22000,2026-10-05 08:30:57,120.85
22000,2026-10-05 08:45:34,120.75
22000,2026-10-05 09:00:34,121.46
22000,2026-10-05 09:15:38,121.51
22000,2026-10-05 09:30:37,121.53
22000,2026-10-05 09:45:29,121.67
22000,2026-10-05 10:00:55,121.6
22000,2026-10-05 10:15:50,121.88
22000,2026-10-05 10:30:58,121.67
22000,2026-10-05 10:45:39,121.24
22000,2026-10-05 11:00:54,121.01
22000,2026-10-05 11:15:38,120.73
22000,2026-10-05 11:30:45,120.57
22000,2026-10-05 11:45:55,120.66
22000,2026-10-05 12:00:30,120.58
22000,2026-10-05 12:15:38,120.6
22000,2026-10-05 12:30:31,120.71
22000,2026-10-05 12:45:47,120.6
22000,2026-10-05 13:00:46,120.57
22000,2026-10-05 13:15:34,120.56
22000,2026-10-05 13:30:32,120.9
22000,2026-10-05 13:45:47,120.62
22000,2026-10-05 14:00:42,120.64
22000,2026-10-05 14:15:31,120.55
22000,2026-10-05 14:30:37,120.6
22000,2026-10-05 14:45:46,120.48
22000,2026-10-05 15:01:01,120.49
22000,2026-10-05 15:15:32,120.54
22000,2026-10-05 15:30:37,120.48
22000,2026-10-05 15:45:30,120.44
22000,2026-10-05 16:01:01,120.62
22000,2026-10-05 16:15:36,121.02
22000,2026-10-05 16:30:56,120.21
22000,2026-10-05 16:45:29,119.58
22000,2026-10-05 17:00:44,119.46
22000,2026-10-05 17:15:32,119.59
22000,2026-10-05 17:30:40,119.66
22000,2026-10-05 17:45:36,119.45
22000,2026-10-05 18:00:33,119.37
22000,2026-10-05 18:15:30,119.39
22000,2026-10-05 18:30:42,119.07
22000,2026-10-05 18:45:36,119.3
22000,2026-10-05 19:00:30,119.63
22000,2026-10-05 19:15:38,119.62
22000,2026-10-05 19:30:45,119.9
22000,2026-10-05 19:45:44,119.87
22000,2026-10-05 20:00:36,120.01
22000,2026-10-05 20:15:30,120.01
22000,2026-10-05 20:30:46,120.05
22000,2026-10-05 20:45:31,120.0
22000,2026-10-05 21:00:32,120.11
22000,2026-10-05 21:15:29,120.19
22000,2026-10-05 21:30:38,120.11
22000,2026-10-05 21:45:29,120.04
22000,2026-10-05 22:00:29,120.28
22000,2026-10-05 22:15:41,120.19
22000,2026-10-05 22:30:28,120.25
22000,2026-10-05 22:45:29,120.5
22000,2026-10-05 23:00:38,120.64
22000,2026-10-05 23:15:35,120.69
22000,2026-10-05 23:30:30,120.68
22000,2026-10-05 23:45:39,120.67
22000,2026-10-06 00:00:37,120.91
22000,2026-10-06 00:15:38,121.52
22000,2026-10-06 00:30:35,121.31
22000,2026-10-06 00:45:29,121.18
22000,2026-10-06 01:00:34,121.03
22000,2026-10-06 01:15:39,120.85
22000,2026-10-06 01:30:36,120.83
22000,2026-10-06 01:45:37,120.66
22000,2026-10-06 02:00:48,120.78
22000,2026-10-06 02:15:39,120.86
22000,2026-10-06 02:30:43,120.87
22000,2026-10-06 02:45:28,120.84
22000,2026-10-06 03:00:45,121.13
22000,2026-10-06 03:15:31,121.02
22000,2026-10-06 03:30:30,120.96
22000,2026-10-06 03:45:40,120.53
22000,2026-10-06 04:00:39,120.61
22000,2026-10-06 04:15:29,120.4
22000,2026-10-06 04:30:33,120.55
22000,2026-10-06 04:45:30,120.37
22000,2026-10-06 05:00:57,120.18
22000,2026-10-06 05:15:33,120.13
22000,2026-10-06 05:30:48,119.85
22000,2026-10-06 05:45:31,119.78
22000,2026-10-06 06:00:33,120.02
22000,2026-10-06 06:15:31,120.17
22000,2026-10-06 06:31:11,120.21
22000,2026-10-06 06:46:11,120.27
22000,2026-10-06 07:01:18,120.08
22000,2026-10-06 07:16:07,120.05
22000,2026-10-06 07:31:14,120.07
22000,2026-10-06 07:46:06,119.96
22000,2026-10-06 08:00:29,119.72
22000,2026-10-06 08:15:29,119.28
22000,2026-10-06 08:30:29,119.44
22000,2026-10-06 08:45:29,119.78
22000,2026-10-06 09:00:29,119.8
22000,2026-10-06 09:15:29,119.8
22000,2026-10-06 09:30:29,119.8
22000,2026-10-06 09:45:29,120.24
22000,2026-10-06 10:00:29,120.22
22000,2026-10-06 10:15:29,120.37
22000,2026-10-06 10:30:29,120.5
22000,2026-10-06 10:45:29,120.58
22000,2026-10-06 11:00:29,120.52
22000,2026-10-06 11:15:29,120.32
22000,2026-10-06 11:30:29,118.99
22000,2026-10-06 11:45:29,119.38
22000,2026-10-06 12:00:30,119.51
22000,2026-10-06 12:15:29,119.99
22000,2026-10-06 12:30:29,120.26
22000,2026-10-06 12:45:29,120.48
22000,2026-10-06 13:00:30,120.25
22000,2026-10-06 13:15:29,120.24
22000,2026-10-06 13:30:29,120.2
22000,2026-10-06 13:45:29,120.32
22000,2026-10-06 14:00:29,120.32
22000,2026-10-06 14:15:29,120.47
22000,2026-10-06 14:30:29,120.14
22000,2026-10-06 14:45:29,120.35
22000,2026-10-06 15:00:29,120.34
22000,2026-10-06 15:15:29,120.32
22000,2026-10-06 15:30:29,120.32
22000,2026-10-06 15:45:29,120.93
22000,2026-10-06 16:00:29,120.93
22000,2026-10-06 16:15:29,121.07
22000,2026-10-06 16:30:29,120.93
22000,2026-10-06 16:45:29,121.42
22000,2026-10-06 17:00:29,121.83
22000,2026-10-06 17:15:29,121.9
22000,2026-10-06 17:30:29,121.28
22000,2026-10-06 17:45:29,120.98
22000,2026-10-06 18:00:29,120.66
22000,2026-10-06 18:15:29,121.0
22000,2026-10-06 18:30:29,120.74
22000,2026-10-06 18:45:29,120.54
22000,2026-10-06 19:00:29,120.4
22000,2026-10-06 19:15:29,120.27
22000,2026-10-06 19:30:29,120.3
22000,2026-10-06 19:45:29,120.49
22000,2026-10-06 20:00:29,120.92
22000,2026-10-06 20:15:29,121.09
22000,2026-10-06 20:30:29,120.9
22000,2026-10-06 20:45:29,121.0
22000,2026-10-06 21:00:07,120.85
22000,2026-10-06 21:15:07,120.66
22000,2026-10-06 21:30:07,120.47
22000,2026-10-06 21:45:07,120.48
22000,2026-10-06 22:00:07,120.79
22000,2026-10-06 22:15:07,120.81
22000,2026-10-06 22:30:07,121.05
22000,2026-10-06 22:45:07,121.0
22000,2026-10-06 23:00:07,121.02
22000,2026-10-06 23:15:07,120.87
22000,2026-10-06 23:30:07,120.9
22000,2026-10-06 23:45:07,121.14
22000,2026-10-07 00:00:07,121.01
22000,2026-10-07 00:15:07,121.3
22000,2026-10-07 00:30:07,121.13
22000,2026-10-07 00:45:07,121.09
22000,2026-10-07 01:00:07,120.82
22000,2026-10-07 01:15:07,120.74
22000,2026-10-07 01:30:07,120.77
22000,2026-10-07 01:45:07,120.82
22000,2026-10-07 02:00:07,120.69
22000,2026-10-07 02:15:07,120.56
22000,2026-10-07 02:30:07,120.35
22000,2026-10-07 02:45:07,120.59
22000,2026-10-07 03:00:07,120.57
22000,2026-10-07 03:15:07,120.36
22000,2026-10-07 03:30:07,119.94
22000,2026-10-07 03:45:07,119.99
22000,2026-10-07 04:00:07,118.95
22000,2026-10-07 04:15:07,117.61
22000,2026-10-07 04:30:07,117.82
22000,2026-10-07 04:45:07,118.17
22000,2026-10-07 05:00:07,118.28
22000,2026-10-07 05:15:07,118.15
22000,2026-10-07 05:30:07,118.13
22000,2026-10-07 05:45:07,118.21
22000,2026-10-07 06:00:07,118.2
22000,2026-10-07 06:15:07,118.34
22000,2026-10-07 06:30:07,118.25
22000,2026-10-07 06:45:07,118.14
22000,2026-10-07 07:00:07,118.1
22000,2026-10-07 07:15:07,118.41
22000,2026-10-07 07:30:07,118.56
22000,2026-10-07 07:45:07,118.68
22000,2026-10-07 08:00:07,118.82
22000,2026-10-07 08:15:07,118.58
22000,2026-10-07 08:30:07,118.61
22000,2026-10-07 08:45:07,119.05
22000,2026-10-07 09:00:07,118.78
22000,2026-10-07 09:15:07,118.98
22000,2026-10-07 09:30:07,118.73
22000,2026-10-07 09:45:07,118.82
22000,2026-10-07 10:00:07,118.58
22000,2026-10-07 10:15:07,118.51
22000,2026-10-07 10:30:07,118.48
22000,2026-10-07 10:45:07,118.43
22000,2026-10-07 11:00:07,118.19
22000,2026-10-07 11:15:07,118.16
22000,2026-10-07 11:30:07,118.13
22000,2026-10-07 11:45:07,117.8
22000,2026-10-07 12:00:07,117.73
22000,2026-10-07 12:15:07,117.58
22000,2026-10-07 12:30:07,117.87
22000,2026-10-07 12:45:07,117.51
22000,2026-10-07 13:00:07,117.67
22000,2026-10-07 13:15:07,117.69
22000,2026-10-07 13:30:07,117.28
22000,2026-10-07 13:45:07,117.3
22000,2026-10-07 14:00:07,117.3
22000,2026-10-07 14:15:07,117.42
22000,2026-10-07 14:30:07,116.43
22000,2026-10-07 14:45:07,116.46
22000,2026-10-07 15:00:07,116.37
22000,2026-10-07 15:15:07,116.2
22000,2026-10-07 15:30:07,116.15
22000,2026-10-07 15:45:07,115.81
22000,2026-10-07 16:00:07,116.17
22000,2026-10-07 16:15:07,115.92
22000,2026-10-07 16:30:07,115.72
22000,2026-10-07 16:45:07,115.76
22000,2026-10-07 17:00:07,115.79
22000,2026-10-07 17:15:07,115.94
22000,2026-10-07 17:30:07,116.06
22000,2026-10-07 17:45:07,116.51
22000,2026-10-07 18:00:07,116.67
22000,2026-10-07 18:15:07,116.86
22000,2026-10-07 18:30:07,116.93
22000,2026-10-07 18:45:07,116.75
22000,2026-10-07 19:00:07,116.72
22000,2026-10-07 19:15:07,116.96
22000,2026-10-07 19:30:07,116.27
22000,2026-10-07 19:45:07,116.03
22000,2026-10-07 20:00:07,116.26
22000,2026-10-07 20:15:07,116.58
22000,2026-10-07 20:30:07,116.56
22000,2026-10-07 20:45:07,116.19
22000,2026-10-07 21:00:07,116.07
22000,2026-10-07 21:15:34,116.02
22000,2026-10-07 21:30:34,116.05
22000,2026-10-07 21:45:34,115.89
22000,2026-10-07 22:00:34,115.77
22000,2026-10-07 22:15:34,116.18
22000,2026-10-07 22:30:34,116.31
22000,2026-10-07 22:45:34,115.98
22000,2026-10-07 23:00:34,116.14
22000,2026-10-07 23:15:34,116.06
22000,2026-10-07 23:30:34,115.86
22000,2026-10-07 23:45:34,115.35
22000,2026-10-08 00:00:34,115.57
22000,2026-10-08 00:15:34,115.67
22000,2026-10-08 00:30:34,115.89
22000,2026-10-08 00:45:34,115.93
22000,2026-10-08 01:00:34,115.98
22000,2026-10-08 01:15:34,116.1
22000,2026-10-08 01:30:34,116.27
22000,2026-10-08 01:45:34,116.18
22000,2026-10-08 02:00:34,116.21
22000,2026-10-08 02:15:34,116.25
22000,2026-10-08 02:30:34,116.27
22000,2026-10-08 02:45:34,116.15
22000,2026-10-08 03:00:34,116.42
22000,2026-10-08 03:15:34,116.57
22000,2026-10-08 03:30:34,116.42
22000,2026-10-08 03:45:34,116.25
22000,2026-10-08 04:00:34,116.02
22000,2026-10-08 04:15:34,116.2
22000,2026-10-08 04:30:34,116.44
22000,2026-10-08 04:45:34,116.59
22000,2026-10-08 05:00:34,116.38
22000,2026-10-08 05:15:34,115.81
22000,2026-10-08 05:30:34,115.91
22000,2026-10-08 05:45:34,115.87
22000,2026-10-08 06:00:34,115.65
22000,2026-10-08 06:15:34,115.36
22000,2026-10-08 06:30:34,115.51
22000,2026-10-08 06:45:34,114.5
22000,2026-10-08 07:00:34,114.98
22000,2026-10-08 07:15:34,115.36
22000,2026-10-08 07:30:34,115.5
22000,2026-10-08 07:45:34,115.29
22000,2026-10-08 08:00:34,114.8
22000,2026-10-08 08:15:34,115.34
22000,2026-10-08 08:30:34,114.68
22000,2026-10-08 08:45:34,114.88
22000,2026-10-08 09:00:34,115.13
22000,2026-10-08 09:15:34,115.33
22000,2026-10-08 09:30:34,115.53
22000,2026-10-08 09:45:34,115.26
22000,2026-10-08 10:00:34,114.89
22000,2026-10-08 10:15:34,114.88
22000,2026-10-08 10:30:34,114.92
22000,2026-10-08 10:45:34,114.91
22000,2026-10-08 11:00:34,114.82
22000,2026-10-08 11:15:34,114.95
22000,2026-10-08 11:30:34,115.0
22000,2026-10-08 11:45:34,115.12
22000,2026-10-08 12:00:34,115.13
22000,2026-10-08 12:15:34,114.96
22000,2026-10-08 12:30:34,114.56
22000,2026-10-08 12:45:34,114.45
22000,2026-10-08 13:00:34,114.31
22000,2026-10-08 13:15:34,113.52
22000,2026-10-08 13:30:34,113.7
22000,2026-10-08 13:45:34,113.47
22000,2026-10-08 14:00:34,113.07
22000,2026-10-08 14:15:34,112.91
22000,2026-10-08 14:30:34,112.7
22000,2026-10-08 14:45:34,112.71
22000,2026-10-08 15:00:34,112.42
22000,2026-10-08 15:15:34,112.51
22000,2026-10-08 15:30:34,112.29
22000,2026-10-08 15:45:34,111.52
22000,2026-10-08 16:00:34,112.22
22000,2026-10-08 16:15:34,112.56
22000,2026-10-08 16:30:34,112.42
22000,2026-10-08 16:45:34,112.2
22000,2026-10-08 17:00:34,112.4
22000,2026-10-08 17:15:34,110.79
22000,2026-10-08 17:30:34,108.68
22000,2026-10-08 17:45:34,109.12
22000,2026-10-08 18:00:34,108.67
22000,2026-10-08 18:15:34,107.98
22000,2026-10-08 18:30:34,108.65
22000,2026-10-08 18:45:34,108.66
22000,2026-10-08 19:00:34,107.54
22000,2026-10-08 19:15:34,107.52
22000,2026-10-08 19:30:34,106.54
22000,2026-10-08 19:45:34,106.62
22000,2026-10-08 20:00:34,106.35
22000,2026-10-08 20:15:34,106.44
22000,2026-10-08 20:30:34,107.59
22000,2026-10-08 20:45:34,107.96
22000,2026-10-08 21:00:34,108.01
22000,2026-10-08 21:15:34,108.63
22000,2026-10-08 21:30:34,108.98
22000,2026-10-08 21:45:34,108.93
22000,2026-10-08 22:00:34,109.19
22000,2026-10-08 22:15:34,109.43
22000,2026-10-08 22:30:34,109.36
22000,2026-10-08 22:45:34,109.63
22000,2026-10-08 23:00:34,109.87
22000,2026-10-08 23:15:34,109.96
22000,2026-10-08 23:30:34,109.9
22000,2026-10-08 23:45:34,109.96
22000,2026-10-09 00:00:34,110.7
22000,2026-10-09 00:15:34,110.5
22000,2026-10-09 00:30:34,110.18
22000,2026-10-09 00:45:34,110.42
22000,2026-10-09 01:00:34,110.25
22000,2026-10-09 01:15:34,110.22
22000,2026-10-09 01:30:34,110.3
22000,2026-10-09 01:45:34,109.92
22000,2026-10-09 02:00:34,109.41
22000,2026-10-09 02:15:34,109.6
22000,2026-10-09 02:30:34,108.96
22000,2026-10-09 02:45:34,109.18
22000,2026-10-09 03:00:34,109.2
22000,2026-10-09 03:15:34,108.91
22000,2026-10-09 03:30:34,109.15
22000,2026-10-09 03:45:34,109.41
22000,2026-10-09 04:00:34,109.36
22000,2026-10-09 04:15:34,109.59
22000,2026-10-09 04:30:34,109.59
22000,2026-10-09 04:45:34,109.9
22000,2026-10-09 05:00:34,110.13
22000,2026-10-09 05:15:34,109.88
22000,2026-10-09 05:30:34,109.98
22000,2026-10-09 05:45:34,110.12
22000,2026-10-09 06:00:34,110.36
22000,2026-10-09 06:15:34,110.48
22000,2026-10-09 06:30:34,110.36
22000,2026-10-09 06:45:34,109.95
22000,2026-10-09 07:00:34,109.83
22000,2026-10-09 07:15:34,110.26
22000,2026-10-09 07:30:34,110.5
22000,2026-10-09 07:45:34,110.54
22000,2026-10-09 08:00:34,110.25
22000,2026-10-09 08:15:34,110.43
22000,2026-10-09 08:30:34,110.42
22000,2026-10-09 08:45:34,110.68
22000,2026-10-09 09:00:34,110.46
22000,2026-10-09 09:15:34,110.36
22000,2026-10-09 09:30:34,110.4
22000,2026-10-09 09:45:34,110.48
22000,2026-10-09 10:00:34,110.43
22000,2026-10-09 10:15:34,110.37
22000,2026-10-09 10:30:34,110.04
22000,2026-10-09 10:45:34,110.07
22000,2026-10-09 11:00:34,110.49
22000,2026-10-09 11:15:34,110.35
22000,2026-10-09 11:30:34,110.45
22000,2026-10-09 11:45:34,110.31
22000,2026-10-09 12:00:34,110.36
22000,2026-10-09 12:15:34,110.37
22000,2026-10-09 12:30:34,110.27
22000,2026-10-09 12:45:34,109.6
22000,2026-10-09 13:00:34,109.64
22000,2026-10-09 13:15:34,109.69
22000,2026-10-09 13:30:34,110.02
22000,2026-10-09 13:45:34,110.99
22000,2026-10-09 14:00:34,111.09
22000,2026-10-09 14:15:34,111.0
22000,2026-10-09 14:30:34,110.45
22000,2026-10-09 14:45:34,110.28
22000,2026-10-09 15:00:34,110.49
22000,2026-10-09 15:15:34,110.31
22000,2026-10-09 15:30:34,110.1
22000,2026-10-09 15:45:34,109.28
22000,2026-10-09 16:00:34,109.4
22000,2026-10-09 16:15:34,109.86
22000,2026-10-09 16:30:34,110.45
22000,2026-10-09 16:45:34,110.1
22000,2026-10-09 17:00:34,109.8
22000,2026-10-09 17:15:34,109.38
22000,2026-10-09 17:30:34,109.32
22000,2026-10-09 17:45:34,109.72
22000,2026-10-09 18:00:34,109.49
22000,2026-10-09 18:15:34,109.9
22000,2026-10-09 18:30:34,109.42
22000,2026-10-09 18:45:34,109.51
22000,2026-10-09 19:00:34,109.74
22000,2026-10-09 19:15:34,109.4
22000,2026-10-09 19:30:34,109.51
22000,2026-10-09 19:45:34,109.52
22000,2026-10-09 20:00:34,109.89
22000,2026-10-09 20:15:34,109.65
22000,2026-10-09 20:30:34,109.46
22000,2026-10-09 20:45:34,109.29
22000,2026-10-09 21:00:34,109.37
22000,2026-10-09 21:15:34,109.26
22000,2026-10-09 21:30:34,108.98
22000,2026-10-09 21:45:34,108.7
22000,2026-10-09 22:00:34,108.44
22000,2026-10-09 22:15:34,108.87
22000,2026-10-09 22:30:34,108.78
22000,2026-10-09 22:45:34,108.75
22000,2026-10-09 23:00:34,108.95
22000,2026-10-09 23:15:34,108.99
22000,2026-10-09 23:30:34,109.02
22000,2026-10-09 23:45:34,109.0
22000,2026-10-10 00:00:34,108.81
22000,2026-10-10 00:15:34,108.62
22000,2026-10-10 00:30:34,108.98
22000,2026-10-10 00:45:34,109.29
22000,2026-10-10 01:00:34,109.11
22000,2026-10-10 01:15:34,109.04
22000,2026-10-10 01:30:34,109.14
22000,2026-10-10 01:45:34,109.19
22000,2026-10-10 02:00:34,109.05
22000,2026-10-10 02:15:34,109.06
22000,2026-10-10 02:30:34,109.22
22000,2026-10-10 02:45:34,109.26
22000,2026-10-10 03:00:34,109.32
22000,2026-10-10 03:15:34,109.58
22000,2026-10-10 03:30:34,109.42
22000,2026-10-10 03:45:34,109.63
22000,2026-10-10 04:00:34,109.88
22000,2026-10-10 04:15:34,109.75
22000,2026-10-10 04:30:34,109.66
22000,2026-10-10 04:45:34,109.76
22000,2026-10-10 05:00:34,109.77
22000,2026-10-10 05:15:34,109.67
22000,2026-10-10 05:30:34,109.5
22000,2026-10-10 05:45:34,109.58
22000,2026-10-10 06:00:34,109.61
22000,2026-10-10 06:15:34,109.77
22000,2026-10-10 06:30:34,109.55
22000,2026-10-10 06:45:34,109.69
22000,2026-10-10 07:00:34,109.77
22000,2026-10-10 07:15:34,109.94
22000,2026-10-10 07:30:34,109.95
22000,2026-10-10 07:45:34,110.09
22000,2026-10-10 08:00:34,110.09
22000,2026-10-10 08:15:34,109.77
22000,2026-10-10 08:30:34,109.67
22000,2026-10-10 08:45:34,109.89
22000,2026-10-10 09:00:34,109.77
22000,2026-10-10 09:15:42,109.87
22000,2026-10-10 09:30:42,109.78
22000,2026-10-10 09:45:42,109.72
22000,2026-10-10 10:00:42,109.82
22000,2026-10-10 10:15:42,109.89
22000,2026-10-10 10:30:42,109.82
22000,2026-10-10 10:45:42,109.73
22000,2026-10-10 11:00:42,109.89
22000,2026-10-10 11:15:42,109.94
22000,2026-10-10 11:30:42,110.0
22000,2026-10-10 11:45:42,109.89
22000,2026-10-10 12:00:42,109.86
22000,2026-10-10 12:15:42,109.59
22000,2026-10-10 12:30:42,109.34
22000,2026-10-10 12:45:42,109.47
22000,2026-10-10 13:00:42,109.54
22000,2026-10-10 13:15:42,109.41
22000,2026-10-10 13:30:42,109.5
22000,2026-10-10 13:45:42,109.71
22000,2026-10-10 14:00:42,109.75
22000,2026-10-10 14:15:42,109.58
22000,2026-10-10 14:30:42,109.63
22000,2026-10-10 14:45:42,109.7
22000,2026-10-10 15:00:42,109.64
22000,2026-10-10 15:15:42,109.69
22000,2026-10-10 15:30:42,109.77
22000,2026-10-10 15:45:42,109.75
22000,2026-10-10 16:00:42,109.79
22000,2026-10-10 16:15:42,109.81
22000,2026-10-10 16:30:42,110.18
22000,2026-10-10 16:45:42,110.53
22000,2026-10-10 17:00:42,110.4
22000,2026-10-10 17:15:42,110.33
22000,2026-10-10 17:30:42,110.44
22000,2026-10-10 17:45:42,110.51
22000,2026-10-10 18:00:42,110.42
22000,2026-10-10 18:15:49,110.23
22000,2026-10-10 18:30:46,110.11
22000,2026-10-10 18:45:47,110.06
22000,2026-10-10 19:01:05,109.91
22000,2026-10-10 19:15:49,109.97
22000,2026-10-10 19:30:46,109.92
22000,2026-10-10 19:45:48,109.93
22000,2026-10-10 20:01:03,109.84
22000,2026-10-10 20:15:42,109.86
22000,2026-10-10 20:30:46,109.88
22000,2026-10-10 20:45:44,110.17
22000,2026-10-10 21:00:49,110.18
275000,2026-07-13 16:00:00,0.80996
275000,2026-07-14 16:00:00,0.81166
275000,2026-07-15 23:52:20,0.8045
275000,2026-07-16 23:15:24,0.8079
275000,2026-07-17 22:59:45,0.8069
275000,2026-07-19 23:06:41,0.8074
275000,2026-07-20 22:40:26,0.8103
275000,2026-07-21 22:36:01,0.8127
275000,2026-07-22 23:16:00,0.8144
275000,2026-07-23 23:14:00,0.81672
275000,2026-07-24 20:02:00,0.81829
275000,2026-07-25 23:14:00,0.8177
275000,2026-07-26 07:47:00,0.8177
275000,2026-07-27 18:45:00,0.819
275000,2026-07-27 22:49:52,0.8192999958992004
275000,2026-07-28 23:14:20,0.81821
275000,2026-07-29 23:55:44,0.81352
275000,2026-07-30 22:41:16,0.80523
275000,2026-07-31,0.8
275000,2026-07-31 23:36:13,0.8074
275000,2026-08-01,0.8
275000,2026-08-01 07:58:30,0.8074
275000,2026-08-03 22:42:51,0.81024
275000,2026-08-04 22:49:32,0.80899
275000,2026-08-05 23:43:51,0.80679
275000,2026-08-06 17:11:39,0.81071
275000,2026-08-07 22:50:59,0.807669997215271
275000,2026-08-08,0.8
275000,2026-08-10 22:53:18,0.8101000189781189
275000,2026-08-11 04:35:16,0.8102200031280518
275000,2026-08-11 22:46:23,0.8109099864959717
275000,2026-08-12 23:05:59,0.8133999705314636
275000,2026-08-13 21:35:56,0.8143
275000,2026-08-13 23:07:19,0.8139399886131287
275000,2026-08-14 06:16:24,0.8135
275000,2026-08-14 22:57:21,0.8141199946403503
275000,2026-08-15 02:00:00,0.8134
275000,2026-08-17 05:52:22,0.8118
275000,2026-08-17 22:58:28,0.8110100030899048
275000,2026-08-18 22:58:07,0.8123700022697449
275000,2026-08-19 22:58:39,0.7973499894142151
275000,2026-08-20 23:00:45,0.7998600006103516
275000,2026-08-21 22:58:37,0.8008400201797485
275000,2026-08-22 02:00:00,0.8013
275000,2026-08-24 22:59:42,0.802299976348877
275000,2026-08-25 23:00:46,0.801289975643158
275000,2026-08-26 23:44:33,0.8048700094223022
275000,2026-08-27 15:03:13,0.803820013999939
275000,2026-08-28 16:25:40,0.8096699714660645
275000,2026-08-29 00:41:36,0.8093000054359436
275000,2026-08-30 02:00:00,0.8097
275000,2026-08-31 22:03:22,0.8083699941635132
275000,2026-08-31 23:45:50,0.808
275000,2026-09-01 05:38:22,0.8096
275000,2026-09-01 14:11:52,0.8099600076675415
275000,2026-09-01 23:45:50,0.8112
275000,2026-09-02 23:45:50,0.8125
275000,2026-09-03 23:45:22,0.8065
275000,2026-09-04 23:45:20,0.809
275000,2026-09-05 00:45:22,0.809
275000,2026-09-05 19:00:00,0.8101
275000,2026-09-07 23:46:00,0.8092
275000,2026-09-08 23:46:00,0.8092
275000,2026-09-09 23:46:00,0.8088
275000,2026-09-10 23:45:19,0.8129
275000,2026-09-11 23:45:53,0.8161
275000,2026-09-12 00:45:56,0.8161
275000,2026-09-12 11:00:00,0.8164
275000,2026-09-14 23:45:43,0.8164
275000,2026-09-15 23:45:44,0.8183
275000,2026-09-16 23:45:44,0.8248
275000,2026-09-17 23:45:44,0.8237
275000,2026-09-18 23:45:44,0.8218
275000,2026-09-19 00:45:44,0.8218
275000,2026-09-21 23:45:52,0.8205
275000,2026-09-22 23:45:51,0.8197
275000,2026-09-23 23:45:51,0.8248
275000,2026-09-24 23:45:13,0.8271
275000,2026-09-25 23:45:30,0.8283
275000,2026-09-26 00:45:29,0.8283
275000,2026-09-27 19:00:00,0.8285
275000,2026-09-28 05:00:29,0.8292
275000,2026-09-28 05:15:27,0.829
275000,2026-09-28 05:30:29,0.8292
275000,2026-09-28 05:45:26,0.8295
275000,2026-09-28 06:00:29,0.8296
275000,2026-09-28 06:15:26,0.8293
275000,2026-09-28 06:30:28,0.8294
275000,2026-09-28 06:45:26,0.8293
275000,2026-09-28 07:00:29,0.8296
275000,2026-09-28 07:15:27,0.8298
275000,2026-09-28 07:30:28,0.83
275000,2026-09-28 07:45:26,0.8303
275000,2026-09-28 08:00:32,0.8304
275000,2026-09-28 08:15:29,0.8311
275000,2026-09-28 08:30:31,0.8313
275000,2026-09-28 08:45:30,0.8302
275000,2026-09-28 09:00:39,0.8304
275000,2026-09-28 09:15:30,0.8305
275000,2026-09-28 09:30:31,0.8304
275000,2026-09-28 09:45:29,0.8306
275000,2026-09-28 10:00:32,0.8304
275000,2026-09-28 10:15:29,0.8301
275000,2026-09-28 10:30:31,0.831
275000,2026-09-28 10:45:30,0.8311
275000,2026-09-28 11:00:31,0.8311
275000,2026-09-28 11:15:29,0.8309
275000,2026-09-28 11:30:31,0.831
275000,2026-09-28 11:45:30,0.8311
275000,2026-09-28 12:00:32,0.8313
275000,2026-09-28 12:15:28,0.8316
275000,2026-09-28 12:30:30,0.8313
275000,2026-09-28 12:45:29,0.8314
275000,2026-09-28 13:00:32,0.8315
275000,2026-09-28 13:15:29,0.8316
275000,2026-09-28 13:30:31,0.8317
275000,2026-09-28 13:45:30,0.8316
275000,2026-09-28 14:00:34,0.8319
275000,2026-09-28 14:15:32,0.832
275000,2026-09-28 14:30:34,0.8319
275000,2026-09-28 14:45:31,0.8323
275000,2026-09-28 15:00:34,0.832
275000,2026-09-28 15:15:32,0.832
275000,2026-09-28 15:30:34,0.8318
275000,2026-09-28 15:45:33,0.8313
275000,2026-09-28 16:00:34,0.8318
275000,2026-09-28 16:15:31,0.8316
275000,2026-09-28 16:30:32,0.8315
275000,2026-09-28 16:45:33,0.8325
275000,2026-09-28 17:00:35,0.8321
275000,2026-09-28 17:15:32,0.8321
275000,2026-09-28 17:30:33,0.8317
275000,2026-09-28 17:45:32,0.8322
275000,2026-09-28 18:00:34,0.8322
275000,2026-09-28 18:15:32,0.8321
275000,2026-09-28 18:30:34,0.8309
275000,2026-09-28 18:45:33,0.8316
275000,2026-09-28 19:00:34,0.8319
275000,2026-09-28 19:15:32,0.8309
275000,2026-09-28 19:30:34,0.8314
275000,2026-09-28 19:45:31,0.8314
275000,2026-09-28 20:00:35,0.8315
275000,2026-09-28 20:15:32,0.8314
275000,2026-09-28 20:30:35,0.8317
275000,2026-09-28 20:45:35,0.8319
275000,2026-09-28 21:00:35,0.8319
275000,2026-09-28 21:15:33,0.8322
275000,2026-09-28 21:30:35,0.8319
275000,2026-09-28 21:45:31,0.832
275000,2026-09-28 22:00:34,0.832
275000,2026-09-28 22:15:32,0.8319
275000,2026-09-28 22:30:34,0.8321
275000,2026-09-28 22:45:32,0.8322
275000,2026-09-28 23:00:31,0.8307
275000,2026-09-28 23:15:30,0.8315
275000,2026-09-28 23:30:29,0.831
275000,2026-09-28 23:45:28,0.8314
275000,2026-09-29 00:00:34,0.8319
275000,2026-09-29 00:15:32,0.8316
275000,2026-09-29 00:30:30,0.8317
275000,2026-09-29 00:45:29,0.8318
275000,2026-09-29 05:00:29,0.8322
275000,2026-09-29 05:15:25,0.8323
275000,2026-09-29 05:30:28,0.8323
275000,2026-09-29 05:45:26,0.8327
275000,2026-09-29 06:00:19,0.8329
275000,2026-09-29 06:15:17,0.8329
275000,2026-09-29 06:30:17,0.8329
275000,2026-09-29 06:45:18,0.8331
275000,2026-09-29 07:00:17,0.8334
275000,2026-09-29 07:15:18,0.8334
275000,2026-09-29 07:30:17,0.8337
275000,2026-09-29 07:45:18,0.8334
275000,2026-09-29 08:00:21,0.833
275000,2026-09-29 08:15:22,0.8328
275000,2026-09-29 08:30:20,0.8328
275000,2026-09-29 08:45:20,0.8331
275000,2026-09-29 09:00:20,0.8334
275000,2026-09-29 09:15:20,0.8332
275000,2026-09-29 09:30:20,0.8328
275000,2026-09-29 09:45:21,0.8335
275000,2026-09-29 10:00:21,0.8335
275000,2026-09-29 10:15:20,0.8337
275000,2026-09-29 10:30:21,0.8336
275000,2026-09-29 10:45:07,0.8341
275000,2026-09-29 11:00:07,0.8341
275000,2026-09-29 11:15:07,0.8349
275000,2026-09-29 11:30:06,0.8347
275000,2026-09-29 11:45:07,0.8345
275000,2026-09-29 12:00:06,0.8347
275000,2026-09-29 12:15:07,0.8348
275000,2026-09-29 12:30:07,0.8342
275000,2026-09-29 12:45:07,0.8341
275000,2026-09-29 13:00:07,0.8332
275000,2026-09-29 13:15:15,0.8334
275000,2026-09-29 13:30:07,0.8333
275000,2026-09-29 13:45:07,0.8336
275000,2026-09-29 14:00:08,0.8332
275000,2026-09-29 14:15:08,0.833
275000,2026-09-29 14:30:08,0.8329
275000,2026-09-29 14:45:09,0.8332
275000,2026-09-29 15:00:08,0.8338
275000,2026-09-29 15:15:08,0.8335
275000,2026-09-29 15:30:09,0.8336
275000,2026-09-29 15:45:09,0.8342
275000,2026-09-29 16:00:08,0.8337
275000,2026-09-29 16:15:10,0.8338
275000,2026-09-29 16:30:09,0.8338
275000,2026-09-29 16:45:08,0.834
275000,2026-09-29 17:00:09,0.8342
275000,2026-09-29 17:15:08,0.8345
275000,2026-09-29 17:30:09,0.8349
275000,2026-09-29 17:45:08,0.835
275000,2026-09-29 18:00:10,0.8346
275000,2026-09-29 18:15:09,0.8351
275000,2026-09-29 18:30:08,0.835
275000,2026-09-29 18:45:09,0.8353
275000,2026-09-29 19:00:09,0.8357
275000,2026-09-29 19:15:08,0.8355
275000,2026-09-29 19:30:08,0.8354
275000,2026-09-29 19:45:10,0.8355
275000,2026-09-29 20:00:09,0.8351
275000,2026-09-29 20:15:08,0.8339
275000,2026-09-29 20:30:09,0.8338
275000,2026-09-29 20:45:08,0.8335
275000,2026-09-29 21:00:08,0.8335
275000,2026-09-29 21:15:08,0.8338
275000,2026-09-29 21:30:08,0.8336
275000,2026-09-29 21:31:14,0.8337
275000,2026-09-29 21:46:03,0.8339
275000,2026-09-29 22:01:22,0.8339
275000,2026-09-29 22:16:04,0.8342
275000,2026-09-29 22:31:08,0.834
275000,2026-09-29 22:46:04,0.8337
275000,2026-09-29 23:01:14,0.8337
275000,2026-09-29 23:15:56,0.8332
275000,2026-09-29 23:30:59,0.8333
275000,2026-09-29 23:45:56,0.833
275000,2026-09-30 00:01:06,0.8336
275000,2026-09-30 00:15:55,0.8338
275000,2026-09-30 00:30:59,0.8342
275000,2026-09-30 00:45:56,0.8342
275000,2026-09-30 05:01:11,0.8335
275000,2026-09-30 05:15:55,0.8337
275000,2026-09-30 05:31:01,0.8337
275000,2026-09-30 05:46:00,0.8341
275000,2026-09-30 06:01:16,0.8343
275000,2026-09-30 06:15:56,0.8344
275000,2026-09-30 06:31:10,0.8344
275000,2026-09-30 06:46:01,0.8346
275000,2026-09-30 07:01:18,0.8345
275000,2026-09-30 07:15:59,0.8345
275000,2026-09-30 07:31:11,0.8342
275000,2026-09-30 07:45:57,0.8339
275000,2026-09-30 08:01:34,0.8334
275000,2026-09-30 08:16:09,0.8333
275000,2026-09-30 08:31:18,0.8333
275000,2026-09-30 08:46:04,0.8335
275000,2026-09-30 09:01:26,0.833
275000,2026-09-30 09:16:06,0.833
275000,2026-09-30 09:31:14,0.8331
275000,2026-09-30 09:46:02,0.8338
275000,2026-09-30 10:01:27,0.8333
275000,2026-09-30 10:16:03,0.8338
275000,2026-09-30 10:31:09,0.8333
275000,2026-09-30 10:46:05,0.833
275000,2026-09-30 11:01:02,0.8327
275000,2026-09-30 11:15:38,0.8334
275000,2026-09-30 11:30:53,0.8336
275000,2026-09-30 11:45:42,0.8336
275000,2026-09-30 12:00:50,0.8335
275000,2026-09-30 12:15:39,0.8334
275000,2026-09-30 12:30:41,0.8338
275000,2026-09-30 12:45:38,0.8342
275000,2026-09-30 13:00:51,0.8338
275000,2026-09-30 13:15:39,0.8344
275000,2026-09-30 13:30:48,0.8341
275000,2026-09-30 13:45:47,0.8342
275000,2026-09-30 14:00:53,0.8346
275000,2026-09-30 14:15:42,0.8347
275000,2026-09-30 14:31:11,0.8328
275000,2026-09-30 14:45:47,0.8324
275000,2026-09-30 15:00:50,0.8335
275000,2026-09-30 15:15:52,0.8335
275000,2026-09-30 15:30:47,0.8331
275000,2026-09-30 15:45:44,0.8345
275000,2026-09-30 16:00:56,0.8345
275000,2026-09-30 16:15:51,0.8346
275000,2026-09-30 16:30:44,0.835
275000,2026-09-30 16:45:40,0.8343
275000,2026-09-30 17:00:57,0.8349
275000,2026-09-30 17:15:44,0.8348
275000,2026-09-30 17:31:11,0.8342
275000,2026-09-30 17:45:44,0.8349
275000,2026-09-30 18:01:07,0.8349
275000,2026-09-30 18:15:51,0.8352
275000,2026-09-30 18:30:43,0.8352
275000,2026-09-30 18:45:56,0.8351
275000,2026-09-30 19:01:20,0.835
275000,2026-09-30 19:15:42,0.8349
275000,2026-09-30 19:30:42,0.8351
275000,2026-09-30 19:45:41,0.8353
275000,2026-09-30 20:00:46,0.8354
275000,2026-09-30 20:15:55,0.8355
275000,2026-09-30 20:30:44,0.8353
275000,2026-09-30 20:45:41,0.8355
275000,2026-09-30 21:00:47,0.8354
275000,2026-09-30 21:15:39,0.8356
275000,2026-09-30 21:30:43,0.8356
275000,2026-09-30 21:45:39,0.836
275000,2026-09-30 22:00:46,0.8357
275000,2026-09-30 22:15:36,0.8359
275000,2026-09-30 22:30:56,0.8358
275000,2026-09-30 22:45:38,0.8356
275000,2026-09-30 23:00:40,0.8355
275000,2026-09-30 23:15:47,0.8347
275000,2026-09-30 23:30:49,0.8343
275000,2026-09-30 23:45:48,0.8351
275000,2026-10-01 00:00:36,0.8348
275000,2026-10-01 00:15:39,0.8354
275000,2026-10-01 00:30:52,0.8355
275000,2026-10-01 00:45:33,0.8354
275000,2026-10-01 05:00:51,0.8362
275000,2026-10-01 05:15:33,0.8361
275000,2026-10-01 05:30:46,0.8365
275000,2026-10-01 05:45:38,0.836
275000,2026-10-01 06:00:50,0.8358
275000,2026-10-01 06:15:36,0.8361
275000,2026-10-01 06:30:43,0.8365
275000,2026-10-01 06:45:36,0.8364
275000,2026-10-01 07:00:50,0.8366
275000,2026-10-01 07:15:37,0.8367
275000,2026-10-01 07:30:42,0.8365
275000,2026-10-01 07:45:39,0.8364
275000,2026-10-01 08:00:59,0.8363
275000,2026-10-01 08:15:39,0.8364
275000,2026-10-01 08:30:56,0.8372
275000,2026-10-01 08:45:49,0.8375
275000,2026-10-01 09:01:28,0.8371
275000,2026-10-01 09:15:42,0.8372
275000,2026-10-01 09:30:59,0.8367
275000,2026-10-01 09:45:40,0.8348
275000,2026-10-01 10:00:59,0.8338
275000,2026-10-01 10:15:42,0.8345
275000,2026-10-01 10:30:49,0.8342
275000,2026-10-01 10:46:02,0.8354
275000,2026-10-01 11:00:50,0.8355
275000,2026-10-01 11:15:40,0.8354
275000,2026-10-01 11:30:53,0.836
275000,2026-10-01 11:45:55,0.8362
275000,2026-10-01 12:00:44,0.8371
275000,2026-10-01 12:15:41,0.8364
275000,2026-10-01 12:30:53,0.8353
275000,2026-10-01 12:45:49,0.8357
275000,2026-10-01 13:01:10,0.8359
275000,2026-10-01 13:15:54,0.8361
275000,2026-10-01 13:30:39,0.836
275000,2026-10-01 13:45:40,0.8353
275000,2026-10-01 14:01:11,0.835
275000,2026-10-01 14:15:48,0.8352
275000,2026-10-01 14:30:43,0.8355
275000,2026-10-01 14:45:42,0.8355
275000,2026-10-01 15:00:54,0.8355
275000,2026-10-01 15:15:43,0.8357
275000,2026-10-01 15:30:48,0.8356
275000,2026-10-01 15:45:43,0.8353
275000,2026-10-01 16:01:20,0.8342
275000,2026-10-01 16:16:01,0.8341
275000,2026-10-01 16:30:53,0.8318
275000,2026-10-01 16:45:40,0.8309
275000,2026-10-01 17:00:45,0.831
275000,2026-10-01 17:15:40,0.8299
275000,2026-10-01 17:30:52,0.8305
275000,2026-10-01 17:45:45,0.8306
275000,2026-10-01 18:00:48,0.8312
275000,2026-10-01 18:15:47,0.8301
275000,2026-10-01 18:30:39,0.8309
275000,2026-10-01 18:45:42,0.8323
275000,2026-10-01 19:01:11,0.8319
275000,2026-10-01 19:15:48,0.8321
275000,2026-10-01 19:30:45,0.8308
275000,2026-10-01 19:45:39,0.8318
275000,2026-10-01 20:00:55,0.8327
275000,2026-10-01 20:15:39,0.8322
275000,2026-10-01 20:30:42,0.8322
275000,2026-10-01 20:45:39,0.8317
275000,2026-10-01 21:00:49,0.8316
275000,2026-10-01 21:15:38,0.8311
275000,2026-10-01 21:30:46,0.8306
275000,2026-10-01 21:45:37,0.8306
275000,2026-10-01 22:00:43,0.8306
275000,2026-10-01 22:15:37,0.8304
275000,2026-10-01 22:30:41,0.8302
275000,2026-10-01 22:45:36,0.8307
275000,2026-10-01 23:00:43,0.8317
275000,2026-10-01 23:15:34,0.8301
275000,2026-10-01 23:30:43,0.8301
275000,2026-10-01 23:45:33,0.8303
275000,2026-10-02 00:00:49,0.8302
275000,2026-10-02 00:15:32,0.8312
275000,2026-10-02 00:30:34,0.8312
275000,2026-10-02 00:45:33,0.8311
275000,2026-10-02 05:00:35,0.831
275000,2026-10-02 05:15:32,0.8304
275000,2026-10-02 05:30:45,0.8297
275000,2026-10-02 05:45:32,0.8296
275000,2026-10-02 06:00:50,0.8291
275000,2026-10-02 06:15:32,0.8296
275000,2026-10-02 06:30:33,0.8294
275000,2026-10-02 06:45:32,0.8295
275000,2026-10-02 07:00:51,0.8297
275000,2026-10-02 07:15:34,0.8295
275000,2026-10-02 07:30:36,0.8297
275000,2026-10-02 07:45:34,0.8294
275000,2026-10-02 08:00:46,0.8294
275000,2026-10-02 08:15:38,0.8279
275000,2026-10-02 08:31:01,0.8284
275000,2026-10-02 08:45:37,0.8292
275000,2026-10-02 09:00:52,0.8288
275000,2026-10-02 09:15:39,0.8291
275000,2026-10-02 09:30:46,0.8283
275000,2026-10-02 09:45:38,0.8279
275000,2026-10-02 10:00:46,0.8273
275000,2026-10-02 10:15:39,0.828
275000,2026-10-02 10:30:39,0.8278
275000,2026-10-02 10:45:35,0.8287
275000,2026-10-02 11:01:00,0.8285
275000,2026-10-02 11:15:42,0.8283
275000,2026-10-02 11:30:45,0.8281
275000,2026-10-02 11:45:45,0.8284
275000,2026-10-02 12:00:38,0.828
275000,2026-10-02 12:15:39,0.828
275000,2026-10-02 12:30:49,0.828
275000,2026-10-02 12:45:36,0.8277
275000,2026-10-02 13:00:49,0.8283
275000,2026-10-02 13:15:36,0.8285
275000,2026-10-02 13:30:41,0.8284
275000,2026-10-02 13:45:34,0.8282
275000,2026-10-02 14:00:49,0.8269
275000,2026-10-02 14:15:45,0.8268
275000,2026-10-02 14:30:40,0.8241
275000,2026-10-02 14:45:38,0.826
275000,2026-10-02 15:00:47,0.8275
275000,2026-10-02 15:15:39,0.8276
275000,2026-10-02 15:31:01,0.8281
275000,2026-10-02 15:45:39,0.8283
275000,2026-10-02 16:00:47,0.8284
275000,2026-10-02 16:15:41,0.8276
275000,2026-10-02 16:30:39,0.8269
275000,2026-10-02 16:45:39,0.8277
275000,2026-10-02 17:00:57,0.8286
275000,2026-10-02 17:15:45,0.8291
275000,2026-10-02 17:30:43,0.8291
275000,2026-10-02 17:45:40,0.8295
275000,2026-10-02 18:00:55,0.8292
275000,2026-10-02 18:15:38,0.829
275000,2026-10-02 18:30:44,0.8295
275000,2026-10-02 18:45:42,0.8296
275000,2026-10-02 19:00:52,0.8292
275000,2026-10-02 19:15:38,0.8289
275000,2026-10-02 19:30:43,0.8295
275000,2026-10-02 19:45:40,0.829
275000,2026-10-02 20:00:42,0.829
275000,2026-10-02 20:15:37,0.829
275000,2026-10-02 20:30:42,0.8285
275000,2026-10-02 20:45:50,0.8288
275000,2026-10-02 21:00:43,0.8288
275000,2026-10-02 21:15:38,0.8285
275000,2026-10-02 21:30:42,0.8284
275000,2026-10-02 21:45:48,0.8286
275000,2026-10-02 22:00:44,0.8284
275000,2026-10-02 22:15:37,0.8286
275000,2026-10-02 22:30:52,0.8286
275000,2026-10-02 22:45:35,0.8288
275000,2026-10-02 23:00:50,0.8285
275000,2026-10-02 23:15:36,0.8285
275000,2026-10-02 23:30:44,0.8285
275000,2026-10-02 23:45:33,0.8285
275000,2026-10-03 00:00:48,0.8285
275000,2026-10-03 00:15:32,0.8285
275000,2026-10-03 00:30:34,0.8285
275000,2026-10-03 00:45:33,0.8285
275000,2026-10-05 05:00:38,0.831
275000,2026-10-05 05:15:34,0.8308
275000,2026-10-05 05:30:41,0.8306
275000,2026-10-05 05:45:34,0.8309
275000,2026-10-05 06:00:57,0.8314
275000,2026-10-05 06:15:30,0.831
275000,2026-10-05 06:30:30,0.8308
275000,2026-10-05 06:45:30,0.8304
275000,2026-10-05 07:00:34,0.83
275000,2026-10-05 07:15:35,0.8295
275000,2026-10-05 07:30:46,0.8299
275000,2026-10-05 07:45:37,0.8301
275000,2026-10-05 08:00:53,0.8299
275000,2026-10-05 08:15:44,0.8299
275000,2026-10-05 08:31:02,0.8301
275000,2026-10-05 08:45:40,0.8301
275000,2026-10-05 09:00:40,0.8299
275000,2026-10-05 09:15:44,0.8299
275000,2026-10-05 09:30:44,0.8303
275000,2026-10-05 09:45:36,0.8292
275000,2026-10-05 10:01:02,0.8291
275000,2026-10-05 10:15:56,0.8287
275000,2026-10-05 10:31:05,0.8291
275000,2026-10-05 10:45:46,0.8295
275000,2026-10-05 11:01:01,0.8294
275000,2026-10-05 11:15:44,0.8289
275000,2026-10-05 11:30:52,0.8291
275000,2026-10-05 11:46:02,0.8295
275000,2026-10-05 12:00:37,0.829
275000,2026-10-05 12:15:44,0.8294
275000,2026-10-05 12:30:38,0.8298
275000,2026-10-05 12:45:53,0.8299
275000,2026-10-05 13:00:53,0.8299
275000,2026-10-05 13:15:40,0.8303
275000,2026-10-05 13:30:39,0.8304
275000,2026-10-05 13:45:52,0.8309
275000,2026-10-05 14:00:50,0.831
275000,2026-10-05 14:15:39,0.8309
275000,2026-10-05 14:30:44,0.8306
275000,2026-10-05 14:45:59,0.8306
275000,2026-10-05 15:01:12,0.8308
275000,2026-10-05 15:15:41,0.8311
275000,2026-10-05 15:30:46,0.8314
275000,2026-10-05 15:45:38,0.8323
275000,2026-10-05 16:01:09,0.8318
275000,2026-10-05 16:15:44,0.8321
275000,2026-10-05 16:31:03,0.8316
275000,2026-10-05 16:45:38,0.8318
275000,2026-10-05 17:00:52,0.8312
275000,2026-10-05 17:15:39,0.8314
275000,2026-10-05 17:30:47,0.8311
275000,2026-10-05 17:45:43,0.8314
275000,2026-10-05 18:00:41,0.8314
275000,2026-10-05 18:15:38,0.8317
275000,2026-10-05 18:30:51,0.8317
275000,2026-10-05 18:45:43,0.8318
275000,2026-10-05 19:00:38,0.8319
275000,2026-10-05 19:15:46,0.832
275000,2026-10-05 19:30:53,0.8318
275000,2026-10-05 19:45:52,0.8317
275000,2026-10-05 20:00:44,0.8311
275000,2026-10-05 20:15:38,0.8313
275000,2026-10-05 20:30:54,0.8311
275000,2026-10-05 20:45:38,0.8311
275000,2026-10-05 21:00:40,0.8308
275000,2026-10-05 21:15:37,0.8307
275000,2026-10-05 21:30:45,0.8308
275000,2026-10-05 21:45:36,0.8306
275000,2026-10-05 22:00:35,0.8305
275000,2026-10-05 22:15:48,0.8307
275000,2026-10-05 22:30:36,0.8308
275000,2026-10-05 22:45:36,0.8307
275000,2026-10-05 23:00:41,0.8305
275000,2026-10-05 23:15:38,0.8306
275000,2026-10-05 23:30:33,0.8307
275000,2026-10-05 23:45:42,0.8308
275000,2026-10-06 00:00:40,0.8304
275000,2026-10-06 00:15:41,0.8307
275000,2026-10-06 00:30:38,0.8307
275000,2026-10-06 00:45:31,0.8308
275000,2026-10-06 05:00:58,0.8317
275000,2026-10-06 05:15:34,0.8315
275000,2026-10-06 05:30:49,0.8314
275000,2026-10-06 05:45:32,0.8311
275000,2026-10-06 06:00:35,0.8311
275000,2026-10-06 06:15:32,0.8313
275000,2026-10-06 06:31:12,0.8314
275000,2026-10-06 06:46:11,0.8316
275000,2026-10-06 07:01:19,0.8315
275000,2026-10-06 07:16:07,0.8315
275000,2026-10-06 07:31:14,0.8315
275000,2026-10-06 07:46:07,0.8317
275000,2026-10-06 08:00:33,0.8317
275000,2026-10-06 08:15:33,0.8321
275000,2026-10-06 08:30:33,0.8318
275000,2026-10-06 08:45:33,0.8319
275000,2026-10-06 09:00:33,0.8319
275000,2026-10-06 09:15:33,0.832
275000,2026-10-06 09:30:33,0.8323
275000,2026-10-06 09:45:33,0.8319
275000,2026-10-06 10:00:33,0.832
275000,2026-10-06 10:15:33,0.8322
275000,2026-10-06 10:30:33,0.8323
275000,2026-10-06 10:45:33,0.8321
275000,2026-10-06 11:00:33,0.8317
275000,2026-10-06 11:15:33,0.8317
275000,2026-10-06 11:30:33,0.8315
275000,2026-10-06 11:45:33,0.8313
275000,2026-10-06 12:00:33,0.8312
275000,2026-10-06 12:15:33,0.8313
275000,2026-10-06 12:30:33,0.8314
275000,2026-10-06 12:45:33,0.8312
275000,2026-10-06 13:00:34,0.8313
275000,2026-10-06 13:15:33,0.8306
275000,2026-10-06 13:30:33,0.8306
275000,2026-10-06 13:45:33,0.83
275000,2026-10-06 14:00:35,0.8303
275000,2026-10-06 14:15:35,0.8305
275000,2026-10-06 14:30:36,0.831
275000,2026-10-06 14:45:35,0.831
275000,2026-10-06 15:00:35,0.8308
275000,2026-10-06 15:15:34,0.8309
275000,2026-10-06 15:30:35,0.8313
275000,2026-10-06 15:45:35,0.8316
275000,2026-10-06 16:00:36,0.8322
275000,2026-10-06 16:15:35,0.8321
275000,2026-10-06 16:30:35,0.8323
275000,2026-10-06 16:45:35,0.8315
275000,2026-10-06 17:00:35,0.8311
275000,2026-10-06 17:15:35,0.8308
275000,2026-10-06 17:30:35,0.8307
275000,2026-10-06 17:45:34,0.8303
275000,2026-10-06 18:00:35,0.8306
275000,2026-10-06 18:15:34,0.8312
275000,2026-10-06 18:30:35,0.8313
275000,2026-10-06 18:45:35,0.8313
275000,2026-10-06 19:00:35,0.8314
275000,2026-10-06 19:15:35,0.8314
275000,2026-10-06 19:30:35,0.8314
275000,2026-10-06 19:45:34,0.8311
275000,2026-10-06 20:00:35,0.8311
275000,2026-10-06 20:15:34,0.8311
275000,2026-10-06 20:30:34,0.8314
275000,2026-10-06 20:45:34,0.8316
275000,2026-10-06 21:00:14,0.8312
275000,2026-10-06 21:15:13,0.8313
275000,2026-10-06 21:30:14,0.8314
275000,2026-10-06 21:45:14,0.8316
275000,2026-10-06 22:00:13,0.8316
275000,2026-10-06 22:15:13,0.8316
275000,2026-10-06 22:30:13,0.8316
275000,2026-10-06 22:45:13,0.8318
275000,2026-10-06 23:00:10,0.8315
275000,2026-10-06 23:15:10,0.8308
275000,2026-10-06 23:30:10,0.8308
275000,2026-10-06 23:45:10,0.8311
275000,2026-10-07 00:00:10,0.8314
275000,2026-10-07 00:15:10,0.8317
275000,2026-10-07 00:30:10,0.8319
275000,2026-10-07 00:45:10,0.832
275000,2026-10-07 05:00:08,0.8333
275000,2026-10-07 05:15:08,0.8332
275000,2026-10-07 05:30:08,0.8332
275000,2026-10-07 05:45:08,0.8331
275000,2026-10-07 06:00:08,0.8332
275000,2026-10-07 06:15:08,0.8333
275000,2026-10-07 06:30:08,0.8334
275000,2026-10-07 06:45:08,0.8334
275000,2026-10-07 07:00:08,0.8335
275000,2026-10-07 07:15:08,0.8335
275000,2026-10-07 07:30:08,0.8334
275000,2026-10-07 07:45:08,0.8332
275000,2026-10-07 08:00:12,0.8334
275000,2026-10-07 08:15:12,0.8334
275000,2026-10-07 08:30:12,0.8332
275000,2026-10-07 08:45:12,0.8326
275000,2026-10-07 09:00:12,0.8323
275000,2026-10-07 09:15:12,0.8327
275000,2026-10-07 09:30:12,0.8323
275000,2026-10-07 09:45:12,0.8324
275000,2026-10-07 10:00:12,0.833
275000,2026-10-07 10:15:12,0.8329
275000,2026-10-07 10:30:12,0.8331
275000,2026-10-07 10:45:12,0.8332
275000,2026-10-07 11:00:12,0.8332
275000,2026-10-07 11:15:12,0.8336
275000,2026-10-07 11:30:12,0.8334
275000,2026-10-07 11:45:12,0.8334
275000,2026-10-07 12:00:12,0.8331
275000,2026-10-07 12:15:12,0.8326
275000,2026-10-07 12:30:12,0.8329
275000,2026-10-07 12:45:12,0.8327
275000,2026-10-07 13:00:12,0.8326
275000,2026-10-07 13:15:12,0.8324
275000,2026-10-07 13:30:12,0.8325
275000,2026-10-07 13:45:12,0.8318
275000,2026-10-07 14:00:14,0.8325
275000,2026-10-07 14:15:14,0.8328
275000,2026-10-07 14:30:14,0.8332
275000,2026-10-07 14:45:13,0.8336
275000,2026-10-07 15:00:14,0.8335
275000,2026-10-07 15:15:14,0.8329
275000,2026-10-07 15:30:14,0.8336
275000,2026-10-07 15:45:14,0.8329
275000,2026-10-07 16:00:14,0.8329
275000,2026-10-07 16:15:14,0.8323
275000,2026-10-07 16:30:15,0.832
275000,2026-10-07 16:45:14,0.832
275000,2026-10-07 17:00:17,0.8325
275000,2026-10-07 17:15:14,0.8332
275000,2026-10-07 17:30:14,0.8336
275000,2026-10-07 17:45:14,0.8338
275000,2026-10-07 18:00:20,0.8338
275000,2026-10-07 18:15:14,0.8334
275000,2026-10-07 18:30:14,0.8335
275000,2026-10-07 18:45:14,0.8337
275000,2026-10-07 19:00:14,0.8335
275000,2026-10-07 19:15:14,0.8331
275000,2026-10-07 19:30:14,0.8333
275000,2026-10-07 19:45:14,0.8332
275000,2026-10-07 20:00:14,0.8329
275000,2026-10-07 20:15:14,0.833
275000,2026-10-07 20:30:14,0.8329
275000,2026-10-07 20:45:13,0.8328
275000,2026-10-07 21:00:14,0.8329
275000,2026-10-07 21:15:42,0.8332
275000,2026-10-07 21:30:41,0.8332
275000,2026-10-07 21:45:41,0.8335
275000,2026-10-07 22:00:41,0.8335
275000,2026-10-07 22:15:41,0.8334
275000,2026-10-07 22:30:41,0.8333
275000,2026-10-07 22:45:41,0.8334
275000,2026-10-07 23:00:37,0.8328
275000,2026-10-07 23:15:36,0.8324
275000,2026-10-07 23:30:37,0.8328
275000,2026-10-07 23:45:37,0.8329
275000,2026-10-08 00:00:37,0.8328
275000,2026-10-08 00:15:37,0.8329
275000,2026-10-08 00:30:37,0.8327
275000,2026-10-08 00:45:37,0.8328
275000,2026-10-08 05:00:35,0.8329
275000,2026-10-08 05:15:35,0.8333
275000,2026-10-08 05:30:35,0.8332
275000,2026-10-08 05:45:35,0.8327
275000,2026-10-08 06:00:35,0.8327
275000,2026-10-08 06:15:35,0.8328
275000,2026-10-08 06:30:35,0.8329
275000,2026-10-08 06:45:35,0.8329
275000,2026-10-08 07:00:35,0.8329
275000,2026-10-08 07:15:35,0.8328
275000,2026-10-08 07:30:35,0.833
275000,2026-10-08 07:45:35,0.8331
275000,2026-10-08 08:00:40,0.8333
275000,2026-10-08 08:15:41,0.8333
275000,2026-10-08 08:30:40,0.833
275000,2026-10-08 08:45:41,0.8328
275000,2026-10-08 09:00:40,0.833
275000,2026-10-08 09:15:42,0.833
275000,2026-10-08 09:30:40,0.8332
275000,2026-10-08 09:45:40,0.8333
275000,2026-10-08 10:00:40,0.8332
275000,2026-10-08 10:15:40,0.8332
275000,2026-10-08 10:30:40,0.8335
275000,2026-10-08 10:45:41,0.834
275000,2026-10-08 11:00:41,0.8337
275000,2026-10-08 11:15:40,0.8344
275000,2026-10-08 11:30:42,0.8345
275000,2026-10-08 11:45:44,0.8343
275000,2026-10-08 12:00:40,0.8343
275000,2026-10-08 12:15:42,0.8343
275000,2026-10-08 12:30:40,0.8338
275000,2026-10-08 12:45:40,0.8338
275000,2026-10-08 13:00:42,0.8336
275000,2026-10-08 13:15:42,0.8335
275000,2026-10-08 13:30:40,0.8335
275000,2026-10-08 13:45:40,0.8335
275000,2026-10-08 14:00:45,0.8336
275000,2026-10-08 14:15:42,0.8334
275000,2026-10-08 14:30:43,0.8332
275000,2026-10-08 14:45:42,0.8336
275000,2026-10-08 15:00:42,0.8339
275000,2026-10-08 15:15:43,0.8336
275000,2026-10-08 15:30:42,0.8338
275000,2026-10-08 15:45:43,0.8338
275000,2026-10-08 16:00:44,0.8335
275000,2026-10-08 16:15:43,0.8335
275000,2026-10-08 16:30:42,0.8326
275000,2026-10-08 16:45:45,0.8328
275000,2026-10-08 17:00:42,0.8329
275000,2026-10-08 17:15:42,0.8328
275000,2026-10-08 17:30:43,0.833
275000,2026-10-08 17:45:42,0.8331
275000,2026-10-08 18:00:43,0.8335
275000,2026-10-08 18:15:43,0.8333
275000,2026-10-08 18:30:42,0.8332
275000,2026-10-08 18:45:42,0.8332
275000,2026-10-08 19:00:42,0.8327
275000,2026-10-08 19:15:41,0.8319
275000,2026-10-08 19:30:42,0.8312
275000,2026-10-08 19:45:42,0.8315
275000,2026-10-08 20:00:42,0.8314
275000,2026-10-08 20:15:42,0.8318
275000,2026-10-08 20:30:41,0.8321
275000,2026-10-08 20:45:41,0.8318
275000,2026-10-08 21:00:41,0.8315
275000,2026-10-08 21:15:41,0.8315
275000,2026-10-08 21:30:41,0.8316
275000,2026-10-08 21:45:41,0.8315
275000,2026-10-08 22:00:41,0.8314
275000,2026-10-08 22:15:41,0.8314
275000,2026-10-08 22:30:41,0.8317
275000,2026-10-08 22:45:41,0.8315
275000,2026-10-08 23:00:37,0.8311
275000,2026-10-08 23:15:37,0.831
275000,2026-10-08 23:30:37,0.8311
275000,2026-10-08 23:45:37,0.831
275000,2026-10-09 00:00:37,0.8316
275000,2026-10-09 00:15:37,0.8316
275000,2026-10-09 00:30:36,0.8312
275000,2026-10-09 00:45:37,0.8313
275000,2026-10-09 05:00:35,0.8303
275000,2026-10-09 05:15:35,0.8303
275000,2026-10-09 05:30:35,0.8305
275000,2026-10-09 05:45:35,0.8304
275000,2026-10-09 06:00:35,0.8303
275000,2026-10-09 06:15:35,0.8302
275000,2026-10-09 06:30:35,0.8303
275000,2026-10-09 06:45:35,0.8303
275000,2026-10-09 07:00:35,0.8302
275000,2026-10-09 07:15:35,0.8303
275000,2026-10-09 07:30:35,0.8301
275000,2026-10-09 07:45:35,0.83
275000,2026-10-09 08:00:40,0.8306
275000,2026-10-09 08:15:41,0.8308
275000,2026-10-09 08:30:41,0.8311
275000,2026-10-09 08:45:40,0.8312
275000,2026-10-09 09:00:40,0.8309
275000,2026-10-09 09:15:40,0.8306
275000,2026-10-09 09:30:40,0.8302
275000,2026-10-09 09:45:40,0.8305
275000,2026-10-09 10:00:39,0.8299
275000,2026-10-09 10:15:41,0.8301
275000,2026-10-09 10:30:40,0.8306
275000,2026-10-09 10:45:41,0.8308
275000,2026-10-09 11:00:43,0.8309
275000,2026-10-09 11:15:41,0.8314
275000,2026-10-09 11:30:41,0.8313
275000,2026-10-09 11:45:41,0.8311
275000,2026-10-09 12:00:40,0.8308
275000,2026-10-09 12:15:41,0.8306
275000,2026-10-09 12:30:41,0.8307
275000,2026-10-09 12:45:40,0.831
275000,2026-10-09 13:00:40,0.831
275000,2026-10-09 13:15:40,0.8311
275000,2026-10-09 13:30:40,0.8311
275000,2026-10-09 13:45:40,0.831
275000,2026-10-09 14:00:42,0.8311
275000,2026-10-09 14:15:44,0.831
275000,2026-10-09 14:30:42,0.8312
275000,2026-10-09 14:45:42,0.8315
275000,2026-10-09 15:00:43,0.8317
275000,2026-10-09 15:15:43,0.8317
275000,2026-10-09 15:30:42,0.8316
275000,2026-10-09 15:45:43,0.8315
275000,2026-10-09 16:00:43,0.8314
275000,2026-10-09 16:15:42,0.8313
275000,2026-10-09 16:30:42,0.8312
275000,2026-10-09 16:45:43,0.8311
275000,2026-10-09 17:00:43,0.8313
275000,2026-10-09 17:15:42,0.8309
275000,2026-10-09 17:30:43,0.8308
275000,2026-10-09 17:45:43,0.831
275000,2026-10-09 18:00:42,0.8307
275000,2026-10-09 18:15:42,0.8306
275000,2026-10-09 18:30:43,0.8302
275000,2026-10-09 18:45:42,0.8303
275000,2026-10-09 19:00:41,0.8301
275000,2026-10-09 19:15:42,0.8299
275000,2026-10-09 19:30:42,0.8302
275000,2026-10-09 19:45:42,0.8302
275000,2026-10-09 20:00:42,0.83
275000,2026-10-09 20:15:41,0.83
275000,2026-10-09 20:30:42,0.83
275000,2026-10-09 20:45:41,0.83
275000,2026-10-09 21:00:41,0.8297
275000,2026-10-09 21:15:41,0.8298
275000,2026-10-09 21:30:40,0.8298
275000,2026-10-09 21:45:41,0.8298
275000,2026-10-09 22:00:41,0.8298
275000,2026-10-09 22:15:41,0.8299
275000,2026-10-09 22:30:41,0.83
275000,2026-10-09 22:45:41,0.83
275000,2026-10-09 23:00:37,0.83
275000,2026-10-09 23:15:39,0.83
275000,2026-10-09 23:30:36,0.83
275000,2026-10-09 23:45:37,0.83
275000,2026-10-10 00:00:39,0.83
275000,2026-10-10 00:15:36,0.83
275000,2026-10-10 00:30:37,0.83
275000,2026-10-10 00:45:37,0.83
897789,2026-07-13 16:00:00,0.9253
897789,2026-07-14 16:00:00,0.9257
897789,2026-07-15 23:52:20,0.9225
897789,2026-07-16 23:15:17,0.9249
897789,2026-07-17 23:29:05,0.923
897789,2026-07-19 23:06:23,0.923
897789,2026-07-20 22:40:26,0.9248
897789,2026-07-21 22:36:05,0.9265
897789,2026-07-22 23:16:00,0.92913
897789,2026-07-23 23:14:00,0.92932
897789,2026-07-24 20:02:00,0.93037
897789,2026-07-25 23:14:00,0.92965
897789,2026-07-26 07:47:00,0.92965
897789,2026-07-27 18:45:00,0.93113
897789,2026-07-27 22:49:52,0.9312999844551086
897789,2026-07-28 23:14:20,0.9322
897789,2026-07-29 23:55:44,0.93265
897789,2026-07-30 22:41:16,0.9282
897789,2026-07-31,0.93
897789,2026-07-31 23:36:13,0.93062
897789,2026-08-01,0.93
897789,2026-08-01 07:58:30,0.93062
897789,2026-08-03 22:42:51,0.9325
897789,2026-08-04 22:49:32,0.9329
897789,2026-08-05 23:43:51,0.93222
897789,2026-08-06 17:11:39,0.93487
897789,2026-08-07 22:50:59,0.933459997177124
897789,2026-08-08,0.93
897789,2026-08-10 22:53:18,0.9351400136947632
897789,2026-08-11 04:35:16,0.9351599812507628
897789,2026-08-11 22:46:23,0.935920000076294
897789,2026-08-12 23:05:59,0.9375799894332886
897789,2026-08-13 21:36:48,0.9388
897789,2026-08-13 23:07:19,0.938289999961853
897789,2026-08-14 06:17:53,0.9387
897789,2026-08-14 22:57:21,0.9405500292778016
897789,2026-08-15 02:00:00,0.941
897789,2026-08-17 05:50:22,0.9401
897789,2026-08-17 22:58:28,0.9389899969100952
897789,2026-08-18 22:58:07,0.9403799772262572
897789,2026-08-19 22:58:39,0.9309499859809875
897789,2026-08-20 20:57:42,0.9348
897789,2026-08-20 23:00:45,0.934499979019165
897789,2026-08-21 22:58:37,0.9350600242614746
897789,2026-08-22 02:00:00,0.9357
897789,2026-08-24 22:59:42,0.9358500242233276
897789,2026-08-25 23:00:46,0.9355999827384948
897789,2026-08-26 23:44:33,0.9381099939346312
897789,2026-08-27 15:03:13,0.9362000226974488
897789,2026-08-28 16:25:40,0.9380999803543092
897789,2026-08-29 00:41:36,0.9371899962425232
897789,2026-08-30 02:00:00,0.9379
897789,2026-08-31 22:03:22,0.9390199780464172
897789,2026-08-31 23:45:50,0.9388
897789,2026-09-01 05:38:23,0.9397
897789,2026-09-01 14:11:52,0.9400100111961364
897789,2026-09-01 23:45:50,0.9405
897789,2026-09-02 23:45:50,0.9417
897789,2026-09-03 23:45:22,0.938
897789,2026-09-04 23:45:20,0.94
897789,2026-09-05 00:45:22,0.94
897789,2026-09-05 19:00:00,0.9406
897789,2026-09-07 23:46:00,0.9406
897789,2026-09-08 23:46:00,0.9405
897789,2026-09-09 23:46:00,0.9419
897789,2026-09-10 23:45:19,0.9439
897789,2026-09-11 23:45:53,0.9467
897789,2026-09-12 00:45:56,0.9467
897789,2026-09-12 11:00:00,0.9469
897789,2026-09-14 23:45:43,0.9435
897789,2026-09-15 23:45:44,0.9441
897789,2026-09-16 23:45:44,0.9462
897789,2026-09-17 23:45:44,0.946
897789,2026-09-18 23:45:44,0.9436
897789,2026-09-19 00:45:44,0.9436
897789,2026-09-21 23:45:52,0.9412
897789,2026-09-22 23:45:51,0.9388
897789,2026-09-23 23:45:51,0.9389
897789,2026-09-24 23:45:13,0.9414
897789,2026-09-25 23:45:30,0.9432
897789,2026-09-26 00:45:29,0.9432
897789,2026-09-27 19:00:00,0.9439
897789,2026-09-28 05:00:29,0.9443
897789,2026-09-28 05:15:27,0.9444
897789,2026-09-28 05:30:29,0.9444
897789,2026-09-28 05:45:26,0.9445
897789,2026-09-28 06:00:29,0.9446
897789,2026-09-28 06:15:26,0.9445
897789,2026-09-28 06:30:28,0.9445
897789,2026-09-28 06:45:26,0.9445
897789,2026-09-28 07:00:29,0.9446
897789,2026-09-28 07:15:27,0.9448
897789,2026-09-28 07:30:28,0.9451
897789,2026-09-28 07:45:26,0.9452
897789,2026-09-28 08:00:32,0.9452
897789,2026-09-28 08:15:29,0.9456
897789,2026-09-28 08:30:31,0.9458
897789,2026-09-28 08:45:30,0.9448
897789,2026-09-28 09:00:39,0.9445
897789,2026-09-28 09:15:30,0.9446
897789,2026-09-28 09:30:31,0.9447
897789,2026-09-28 09:45:29,0.9449
897789,2026-09-28 10:00:32,0.9453
897789,2026-09-28 10:15:29,0.9449
897789,2026-09-28 10:30:31,0.9455
897789,2026-09-28 10:45:30,0.9456
897789,2026-09-28 11:00:31,0.9454
897789,2026-09-28 11:15:29,0.9452
897789,2026-09-28 11:30:31,0.9455
897789,2026-09-28 11:45:30,0.9456
897789,2026-09-28 12:00:32,0.9456
897789,2026-09-28 12:15:28,0.9456
897789,2026-09-28 12:30:30,0.9454
897789,2026-09-28 12:45:29,0.9455
897789,2026-09-28 13:00:32,0.9456
897789,2026-09-28 13:15:29,0.9456
897789,2026-09-28 13:30:31,0.946
897789,2026-09-28 13:45:30,0.946
897789,2026-09-28 14:00:34,0.9463
897789,2026-09-28 14:15:32,0.9465
897789,2026-09-28 14:30:34,0.9462
897789,2026-09-28 14:45:31,0.9463
897789,2026-09-28 15:00:34,0.9459
897789,2026-09-28 15:15:32,0.9454
897789,2026-09-28 15:30:34,0.9453
897789,2026-09-28 15:45:33,0.945
897789,2026-09-28 16:00:34,0.9453
897789,2026-09-28 16:15:31,0.9452
897789,2026-09-28 16:30:32,0.9452
897789,2026-09-28 16:45:33,0.9455
897789,2026-09-28 17:00:35,0.9455
897789,2026-09-28 17:15:32,0.9456
897789,2026-09-28 17:30:33,0.9456
897789,2026-09-28 17:45:32,0.946
897789,2026-09-28 18:00:34,0.9458
897789,2026-09-28 18:15:32,0.9457
897789,2026-09-28 18:30:34,0.9458
897789,2026-09-28 18:45:33,0.9459
897789,2026-09-28 19:00:34,0.9459
897789,2026-09-28 19:15:32,0.9456
897789,2026-09-28 19:30:34,0.9457
897789,2026-09-28 19:45:31,0.9458
897789,2026-09-28 20:00:35,0.9459
897789,2026-09-28 20:15:32,0.9459
897789,2026-09-28 20:30:35,0.9459
897789,2026-09-28 20:45:35,0.9457
897789,2026-09-28 21:00:35,0.9457
897789,2026-09-28 21:15:33,0.946
897789,2026-09-28 21:30:35,0.9459
897789,2026-09-28 21:45:31,0.9458
897789,2026-09-28 22:00:34,0.9457
897789,2026-09-28 22:15:32,0.9459
897789,2026-09-28 22:30:34,0.9461
897789,2026-09-28 22:45:32,0.9462
897789,2026-09-28 23:00:31,0.946
897789,2026-09-28 23:15:30,0.9454
897789,2026-09-28 23:30:29,0.9455
897789,2026-09-28 23:45:28,0.9454
897789,2026-09-29 00:00:34,0.946
897789,2026-09-29 00:15:32,0.9458
897789,2026-09-29 00:30:30,0.9458
897789,2026-09-29 00:45:29,0.9459
897789,2026-09-29 05:00:29,0.946
897789,2026-09-29 05:15:25,0.946
897789,2026-09-29 05:30:28,0.946
897789,2026-09-29 05:45:26,0.9462
897789,2026-09-29 06:00:19,0.9462
897789,2026-09-29 06:15:17,0.9463
897789,2026-09-29 06:30:17,0.9464
897789,2026-09-29 06:45:18,0.9465
897789,2026-09-29 07:00:17,0.9467
897789,2026-09-29 07:15:18,0.9467
897789,2026-09-29 07:30:17,0.947
897789,2026-09-29 07:45:18,0.9466
897789,2026-09-29 08:00:21,0.946
897789,2026-09-29 08:15:22,0.9464
897789,2026-09-29 08:30:20,0.9464
897789,2026-09-29 08:45:20,0.9467
897789,2026-09-29 09:00:20,0.9468
897789,2026-09-29 09:15:20,0.9463
897789,2026-09-29 09:30:20,0.9457
897789,2026-09-29 09:45:21,0.9459
897789,2026-09-29 10:00:21,0.9459
897789,2026-09-29 10:15:20,0.9461
897789,2026-09-29 10:30:21,0.9459
897789,2026-09-29 10:45:07,0.9463
897789,2026-09-29 11:00:07,0.9464
897789,2026-09-29 11:15:07,0.9464
897789,2026-09-29 11:30:06,0.946
897789,2026-09-29 11:45:07,0.946
897789,2026-09-29 12:00:06,0.9461
897789,2026-09-29 12:15:07,0.9464
897789,2026-09-29 12:30:07,0.9461
897789,2026-09-29 12:45:07,0.9461
897789,2026-09-29 13:00:07,0.9456
897789,2026-09-29 13:15:15,0.9455
897789,2026-09-29 13:30:07,0.9456
897789,2026-09-29 13:45:07,0.9459
897789,2026-09-29 14:00:08,0.9459
897789,2026-09-29 14:15:08,0.9459
897789,2026-09-29 14:30:08,0.9455
897789,2026-09-29 14:45:09,0.9456
897789,2026-09-29 15:00:08,0.9458
897789,2026-09-29 15:15:08,0.9456
897789,2026-09-29 15:30:09,0.9457
897789,2026-09-29 15:45:09,0.9461
897789,2026-09-29 16:00:08,0.9457
897789,2026-09-29 16:15:10,0.9457
897789,2026-09-29 16:30:09,0.9459
897789,2026-09-29 16:45:08,0.9459
897789,2026-09-29 17:00:09,0.9459
897789,2026-09-29 17:15:08,0.946
897789,2026-09-29 17:30:09,0.946
897789,2026-09-29 17:45:08,0.9463
897789,2026-09-29 18:00:10,0.9461
897789,2026-09-29 18:15:09,0.9461
897789,2026-09-29 18:30:08,0.946
897789,2026-09-29 18:45:09,0.946
897789,2026-09-29 19:00:09,0.9455
897789,2026-09-29 19:15:08,0.9455
897789,2026-09-29 19:30:08,0.9455
897789,2026-09-29 19:45:10,0.9455
897789,2026-09-29 20:00:09,0.9456
897789,2026-09-29 20:15:08,0.9453
897789,2026-09-29 20:30:09,0.9453
897789,2026-09-29 20:45:08,0.9452
897789,2026-09-29 21:00:08,0.9453
897789,2026-09-29 21:15:08,0.9455
897789,2026-09-29 21:30:08,0.9454
897789,2026-09-29 21:31:14,0.9455
897789,2026-09-29 21:46:03,0.9455
897789,2026-09-29 22:01:22,0.9455
897789,2026-09-29 22:16:04,0.9456
897789,2026-09-29 22:31:08,0.9454
897789,2026-09-29 22:46:04,0.9454
897789,2026-09-29 23:01:14,0.9458
897789,2026-09-29 23:15:56,0.9452
897789,2026-09-29 23:30:59,0.9454
897789,2026-09-29 23:45:56,0.9456
897789,2026-09-30 00:01:06,0.9454
897789,2026-09-30 00:15:55,0.9456
897789,2026-09-30 00:30:59,0.9459
897789,2026-09-30 00:45:56,0.9459
897789,2026-09-30 05:01:11,0.9451
897789,2026-09-30 05:15:55,0.9453
897789,2026-09-30 05:31:01,0.9453
897789,2026-09-30 05:46:00,0.9454
897789,2026-09-30 06:01:16,0.9455
897789,2026-09-30 06:15:56,0.9455
897789,2026-09-30 06:31:10,0.9455
897789,2026-09-30 06:46:01,0.9456
897789,2026-09-30 07:01:18,0.9458
897789,2026-09-30 07:15:59,0.9458
897789,2026-09-30 07:31:11,0.9456
897789,2026-09-30 07:45:57,0.9451
897789,2026-09-30 08:01:34,0.9457
897789,2026-09-30 08:16:09,0.9459
897789,2026-09-30 08:31:18,0.946
897789,2026-09-30 08:46:04,0.9461
897789,2026-09-30 09:01:26,0.9455
897789,2026-09-30 09:16:06,0.9457
897789,2026-09-30 09:31:14,0.9458
897789,2026-09-30 09:46:02,0.9461
897789,2026-09-30 10:01:27,0.9457
897789,2026-09-30 10:16:03,0.946
897789,2026-09-30 10:31:09,0.9459
897789,2026-09-30 10:46:05,0.9458
897789,2026-09-30 11:01:02,0.9456
897789,2026-09-30 11:15:38,0.9462
897789,2026-09-30 11:30:53,0.9466
897789,2026-09-30 11:45:42,0.9466
897789,2026-09-30 12:00:50,0.9468
897789,2026-09-30 12:15:39,0.9468
897789,2026-09-30 12:30:41,0.947
897789,2026-09-30 12:45:38,0.9472
897789,2026-09-30 13:00:51,0.9471
897789,2026-09-30 13:15:39,0.9475
897789,2026-09-30 13:30:48,0.9474
897789,2026-09-30 13:45:47,0.9473
897789,2026-09-30 14:00:53,0.9474
897789,2026-09-30 14:15:42,0.9476
897789,2026-09-30 14:31:11,0.9475
897789,2026-09-30 14:45:47,0.9468
897789,2026-09-30 15:00:50,0.9473
897789,2026-09-30 15:15:52,0.9471
897789,2026-09-30 15:30:47,0.9468
897789,2026-09-30 15:45:44,0.9475
897789,2026-09-30 16:00:56,0.9476
897789,2026-09-30 16:15:51,0.9477
897789,2026-09-30 16:30:44,0.9481
897789,2026-09-30 16:45:40,0.9474
897789,2026-09-30 17:00:57,0.9484
897789,2026-09-30 17:15:44,0.9479
897789,2026-09-30 17:31:11,0.9476
897789,2026-09-30 17:45:44,0.9477
897789,2026-09-30 18:01:07,0.947
897789,2026-09-30 18:15:51,0.9468
897789,2026-09-30 18:30:43,0.9469
897789,2026-09-30 18:45:56,0.9463
897789,2026-09-30 19:01:20,0.9469
897789,2026-09-30 19:15:42,0.9467
897789,2026-09-30 19:30:42,0.9469
897789,2026-09-30 19:45:41,0.947
897789,2026-09-30 20:00:46,0.9469
897789,2026-09-30 20:15:55,0.947
897789,2026-09-30 20:30:44,0.9467
897789,2026-09-30 20:45:41,0.9468
897789,2026-09-30 21:00:47,0.9466
897789,2026-09-30 21:15:39,0.9467
897789,2026-09-30 21:30:43,0.9468
897789,2026-09-30 21:45:39,0.9467
897789,2026-09-30 22:00:46,0.9464
897789,2026-09-30 22:15:36,0.9467
897789,2026-09-30 22:30:56,0.9469
897789,2026-09-30 22:45:38,0.9468
897789,2026-09-30 23:00:40,0.9459
897789,2026-09-30 23:15:47,0.9463
897789,2026-09-30 23:30:49,0.9462
897789,2026-09-30 23:45:48,0.9466
897789,2026-10-01 00:00:36,0.9466
897789,2026-10-01 00:15:39,0.9466
897789,2026-10-01 00:30:52,0.9466
897789,2026-10-01 00:45:33,0.9466
897789,2026-10-01 05:00:51,0.947
897789,2026-10-01 05:15:33,0.9469
897789,2026-10-01 05:30:46,0.947
897789,2026-10-01 05:45:38,0.9468
897789,2026-10-01 05:50:24,0.9467
897789,2026-10-01 06:00:50,0.9468
897789,2026-10-01 06:15:36,0.9468
897789,2026-10-01 06:30:43,0.9469
897789,2026-10-01 06:45:36,0.9468
897789,2026-10-01 07:00:50,0.9469
897789,2026-10-01 07:15:37,0.9468
897789,2026-10-01 07:30:42,0.9468
897789,2026-10-01 07:45:39,0.9468
897789,2026-10-01 08:00:59,0.9468
897789,2026-10-01 08:15:39,0.947
897789,2026-10-01 08:30:56,0.9476
897789,2026-10-01 08:45:49,0.9472
897789,2026-10-01 09:01:28,0.9472
897789,2026-10-01 09:15:42,0.9474
897789,2026-10-01 09:30:59,0.946
897789,2026-10-01 09:45:40,0.9438
897789,2026-10-01 10:00:59,0.9425
897789,2026-10-01 10:15:42,0.9426
897789,2026-10-01 10:30:49,0.9427
897789,2026-10-01 10:46:02,0.9432
897789,2026-10-01 11:00:50,0.9431
897789,2026-10-01 11:15:40,0.9436
897789,2026-10-01 11:30:53,0.9442
897789,2026-10-01 11:45:55,0.9441
897789,2026-10-01 12:00:44,0.9431
897789,2026-10-01 12:15:41,0.9432
897789,2026-10-01 12:30:53,0.9431
897789,2026-10-01 12:45:49,0.9435
897789,2026-10-01 13:01:10,0.9439
897789,2026-10-01 13:15:54,0.9437
897789,2026-10-01 13:30:39,0.9433
897789,2026-10-01 13:45:40,0.9436
897789,2026-10-01 14:01:11,0.9439
897789,2026-10-01 14:15:48,0.9435
897789,2026-10-01 14:30:43,0.9435
897789,2026-10-01 14:45:42,0.9433
897789,2026-10-01 15:00:54,0.943
897789,2026-10-01 15:15:43,0.9431
897789,2026-10-01 15:30:48,0.9429
897789,2026-10-01 15:45:43,0.9429
897789,2026-10-01 16:01:20,0.942
897789,2026-10-01 16:16:01,0.9415
897789,2026-10-01 16:30:53,0.9385
897789,2026-10-01 16:45:40,0.9366
897789,2026-10-01 17:00:45,0.9361
897789,2026-10-01 17:15:40,0.9342
897789,2026-10-01 17:30:52,0.9337
897789,2026-10-01 17:45:45,0.9333
897789,2026-10-01 18:00:48,0.9337
897789,2026-10-01 18:15:47,0.9328
897789,2026-10-01 18:30:39,0.9337
897789,2026-10-01 18:45:42,0.9343
897789,2026-10-01 19:01:11,0.9333
897789,2026-10-01 19:15:48,0.9334
897789,2026-10-01 19:30:45,0.9337
897789,2026-10-01 19:45:39,0.9341
897789,2026-10-01 20:00:55,0.9346
897789,2026-10-01 20:15:39,0.9345
897789,2026-10-01 20:30:42,0.9344
897789,2026-10-01 20:45:39,0.9347
897789,2026-10-01 21:00:49,0.9342
897789,2026-10-01 21:15:38,0.9341
897789,2026-10-01 21:30:46,0.9338
897789,2026-10-01 21:45:37,0.9338
897789,2026-10-01 22:00:43,0.9337
897789,2026-10-01 22:15:37,0.9337
897789,2026-10-01 22:30:41,0.9336
897789,2026-10-01 22:45:36,0.9339
897789,2026-10-01 23:00:43,0.9339
897789,2026-10-01 23:15:34,0.9337
897789,2026-10-01 23:30:43,0.9339
897789,2026-10-01 23:45:33,0.9338
897789,2026-10-02 00:00:49,0.9339
897789,2026-10-02 00:15:32,0.9344
897789,2026-10-02 00:30:34,0.9345
897789,2026-10-02 00:45:33,0.9344
897789,2026-10-02 05:00:35,0.9344
897789,2026-10-02 05:15:32,0.9339
897789,2026-10-02 05:30:45,0.9334
897789,2026-10-02 05:45:32,0.9335
897789,2026-10-02 06:00:50,0.933
897789,2026-10-02 06:15:32,0.9334
897789,2026-10-02 06:30:33,0.9333
897789,2026-10-02 06:45:32,0.9334
897789,2026-10-02 07:00:51,0.9336
897789,2026-10-02 07:15:34,0.9333
897789,2026-10-02 07:30:36,0.9334
897789,2026-10-02 07:45:34,0.9331
897789,2026-10-02 08:00:46,0.933
897789,2026-10-02 08:15:38,0.9318
897789,2026-10-02 08:31:01,0.9326
897789,2026-10-02 08:45:37,0.9335
897789,2026-10-02 09:00:52,0.933
897789,2026-10-02 09:15:39,0.934
897789,2026-10-02 09:30:46,0.9327
897789,2026-10-02 09:45:38,0.932
897789,2026-10-02 10:00:46,0.9315
897789,2026-10-02 10:15:39,0.9323
897789,2026-10-02 10:30:39,0.9318
897789,2026-10-02 10:45:35,0.9322
897789,2026-10-02 11:01:00,0.9321
897789,2026-10-02 11:15:42,0.9317
897789,2026-10-02 11:30:45,0.9317
897789,2026-10-02 11:45:45,0.9318
897789,2026-10-02 12:00:38,0.9314
897789,2026-10-02 12:15:39,0.9305
897789,2026-10-02 12:30:49,0.9306
897789,2026-10-02 12:45:36,0.9299
897789,2026-10-02 13:00:49,0.9306
897789,2026-10-02 13:15:36,0.9307
897789,2026-10-02 13:30:41,0.9308
897789,2026-10-02 13:45:34,0.9309
897789,2026-10-02 14:00:49,0.9288
897789,2026-10-02 14:15:45,0.9279
897789,2026-10-02 14:30:40,0.9265
897789,2026-10-02 14:45:38,0.9285
897789,2026-10-02 15:00:47,0.9318
897789,2026-10-02 15:15:39,0.9307
897789,2026-10-02 15:31:01,0.9318
897789,2026-10-02 15:45:39,0.9322
897789,2026-10-02 16:00:47,0.9338
897789,2026-10-02 16:15:41,0.9337
897789,2026-10-02 16:30:39,0.9329
897789,2026-10-02 16:45:39,0.9337
897789,2026-10-02 17:00:57,0.9343
897789,2026-10-02 17:15:45,0.9338
897789,2026-10-02 17:30:43,0.9336
897789,2026-10-02 17:45:40,0.9337
897789,2026-10-02 18:00:55,0.9335
897789,2026-10-02 18:15:38,0.933
897789,2026-10-02 18:30:44,0.9334
897789,2026-10-02 18:45:42,0.9335
897789,2026-10-02 19:00:52,0.9334
897789,2026-10-02 19:15:38,0.9332
897789,2026-10-02 19:30:43,0.9334
897789,2026-10-02 19:45:40,0.933
897789,2026-10-02 20:00:42,0.933
897789,2026-10-02 20:15:37,0.9328
897789,2026-10-02 20:30:42,0.9322
897789,2026-10-02 20:45:50,0.9324
897789,2026-10-02 21:00:43,0.9325
897789,2026-10-02 21:15:38,0.9325
897789,2026-10-02 21:30:42,0.9327
897789,2026-10-02 21:45:48,0.9329
897789,2026-10-02 22:00:44,0.9326
897789,2026-10-02 22:15:37,0.9326
897789,2026-10-02 22:30:52,0.9325
897789,2026-10-02 22:45:35,0.9325
897789,2026-10-02 23:00:50,0.9321
897789,2026-10-02 23:15:36,0.9321
897789,2026-10-02 23:30:44,0.9321
897789,2026-10-02 23:45:33,0.9321
897789,2026-10-03 00:00:48,0.9321
897789,2026-10-03 00:15:32,0.9321
897789,2026-10-03 00:30:34,0.9321
897789,2026-10-03 00:45:33,0.9321
897789,2026-10-05 05:00:38,0.9288
897789,2026-10-05 05:15:34,0.9289
897789,2026-10-05 05:30:41,0.929
897789,2026-10-05 05:45:34,0.9284
897789,2026-10-05 06:00:57,0.9282
897789,2026-10-05 06:15:30,0.9281
897789,2026-10-05 06:30:30,0.9277
897789,2026-10-05 06:45:30,0.9281
897789,2026-10-05 07:00:34,0.9282
897789,2026-10-05 07:15:35,0.9278
897789,2026-10-05 07:30:46,0.9284
897789,2026-10-05 07:45:37,0.9288
897789,2026-10-05 08:00:53,0.9289
897789,2026-10-05 08:15:44,0.9291
897789,2026-10-05 08:31:02,0.9286
897789,2026-10-05 08:45:40,0.9282
897789,2026-10-05 09:00:40,0.9285
897789,2026-10-05 09:15:44,0.9289
897789,2026-10-05 09:30:44,0.9291
897789,2026-10-05 09:45:36,0.9293
897789,2026-10-05 10:01:02,0.9285
897789,2026-10-05 10:15:56,0.9286
897789,2026-10-05 10:31:05,0.9288
897789,2026-10-05 10:45:46,0.9298
897789,2026-10-05 11:01:01,0.9297
897789,2026-10-05 11:15:44,0.9299
897789,2026-10-05 11:30:52,0.9302
897789,2026-10-05 11:46:02,0.9294
897789,2026-10-05 12:00:37,0.929
897789,2026-10-05 12:15:44,0.9292
897789,2026-10-05 12:30:38,0.9298
897789,2026-10-05 12:45:53,0.9299
897789,2026-10-05 13:00:53,0.9296
897789,2026-10-05 13:15:40,0.9298
897789,2026-10-05 13:30:39,0.9314
897789,2026-10-05 13:45:52,0.9311
897789,2026-10-05 14:00:50,0.9312
897789,2026-10-05 14:15:39,0.9308
897789,2026-10-05 14:30:44,0.9312
897789,2026-10-05 14:45:59,0.9309
897789,2026-10-05 15:01:12,0.9315
897789,2026-10-05 15:15:41,0.9312
897789,2026-10-05 15:30:46,0.9312
897789,2026-10-05 15:45:38,0.9313
897789,2026-10-05 16:01:09,0.9307
897789,2026-10-05 16:15:44,0.9312
897789,2026-10-05 16:31:03,0.9307
897789,2026-10-05 16:45:38,0.9316
897789,2026-10-05 17:00:52,0.9317
897789,2026-10-05 17:15:39,0.9321
897789,2026-10-05 17:30:47,0.9319
897789,2026-10-05 17:45:43,0.9318
897789,2026-10-05 18:00:41,0.932
897789,2026-10-05 18:15:38,0.9319
897789,2026-10-05 18:30:51,0.9318
897789,2026-10-05 18:45:43,0.932
897789,2026-10-05 19:00:38,0.9319
897789,2026-10-05 19:15:46,0.9319
897789,2026-10-05 19:30:53,0.932
897789,2026-10-05 19:45:52,0.932
897789,2026-10-05 20:00:44,0.9317
897789,2026-10-05 20:15:38,0.932
897789,2026-10-05 20:30:54,0.932
897789,2026-10-05 20:45:38,0.932
897789,2026-10-05 21:00:40,0.9316
897789,2026-10-05 21:15:37,0.9316
897789,2026-10-05 21:30:45,0.9319
897789,2026-10-05 21:45:36,0.9318
897789,2026-10-05 22:00:35,0.9319
897789,2026-10-05 22:15:48,0.9319
897789,2026-10-05 22:30:36,0.9319
897789,2026-10-05 22:45:36,0.932
897789,2026-10-05 23:00:41,0.9319
897789,2026-10-05 23:15:38,0.9319
897789,2026-10-05 23:30:33,0.9321
897789,2026-10-05 23:45:42,0.9321
897789,2026-10-06 00:00:40,0.932
897789,2026-10-06 00:15:41,0.9321
897789,2026-10-06 00:30:38,0.9322
897789,2026-10-06 00:45:31,0.9322
897789,2026-10-06 05:00:58,0.9326
897789,2026-10-06 05:15:34,0.9327
897789,2026-10-06 05:30:49,0.9329
897789,2026-10-06 05:45:32,0.9329
897789,2026-10-06 06:00:35,0.9327
897789,2026-10-06 06:15:32,0.9327
897789,2026-10-06 06:31:12,0.9329
897789,2026-10-06 06:46:11,0.933
897789,2026-10-06 07:01:19,0.9327
897789,2026-10-06 07:16:07,0.9328
897789,2026-10-06 07:31:14,0.9326
897789,2026-10-06 07:46:07,0.9327
897789,2026-10-06 08:00:33,0.9324
897789,2026-10-06 08:15:33,0.9322
897789,2026-10-06 08:30:33,0.9321
897789,2026-10-06 08:45:33,0.9324
897789,2026-10-06 09:00:33,0.9325
897789,2026-10-06 09:15:33,0.9332
897789,2026-10-06 09:30:33,0.9334
897789,2026-10-06 09:45:33,0.9342
897789,2026-10-06 10:00:33,0.9352
897789,2026-10-06 10:15:33,0.9345
897789,2026-10-06 10:30:33,0.9348
897789,2026-10-06 10:45:33,0.9357
897789,2026-10-06 11:00:33,0.9352
897789,2026-10-06 11:15:33,0.9345
897789,2026-10-06 11:30:33,0.9347
897789,2026-10-06 11:45:33,0.9344
897789,2026-10-06 12:00:33,0.9344
897789,2026-10-06 12:15:33,0.9346
897789,2026-10-06 12:30:33,0.9349
897789,2026-10-06 12:45:33,0.9346
897789,2026-10-06 13:00:34,0.9346
897789,2026-10-06 13:15:33,0.9347
897789,2026-10-06 13:30:33,0.9356
897789,2026-10-06 13:45:33,0.9352
897789,2026-10-06 14:00:35,0.9356
897789,2026-10-06 14:15:35,0.936
897789,2026-10-06 14:30:36,0.936
897789,2026-10-06 14:45:35,0.9358
897789,2026-10-06 15:00:35,0.9353
897789,2026-10-06 15:15:34,0.9358
897789,2026-10-06 15:30:35,0.9356
897789,2026-10-06 15:45:35,0.9354
897789,2026-10-06 16:00:36,0.9363
897789,2026-10-06 16:15:35,0.9365
897789,2026-10-06 16:30:35,0.9362
897789,2026-10-06 16:45:35,0.9354
897789,2026-10-06 17:00:35,0.9355
897789,2026-10-06 17:15:35,0.9357
897789,2026-10-06 17:30:35,0.9357
897789,2026-10-06 17:45:34,0.9354
897789,2026-10-06 18:00:35,0.9355
897789,2026-10-06 18:15:34,0.9356
897789,2026-10-06 18:30:35,0.9358
897789,2026-10-06 18:45:35,0.9357
897789,2026-10-06 19:00:35,0.9359
897789,2026-10-06 19:15:35,0.9358
897789,2026-10-06 19:30:35,0.936
897789,2026-10-06 19:45:34,0.936
897789,2026-10-06 20:00:35,0.9362
897789,2026-10-06 20:15:34,0.9361
897789,2026-10-06 20:30:34,0.9361
897789,2026-10-06 20:45:34,0.936
897789,2026-10-06 21:00:14,0.936
897789,2026-10-06 21:15:13,0.936
897789,2026-10-06 21:30:14,0.9362
897789,2026-10-06 21:45:14,0.9362
897789,2026-10-06 22:00:13,0.9363
897789,2026-10-06 22:15:13,0.9363
897789,2026-10-06 22:30:13,0.9363
897789,2026-10-06 22:45:13,0.9363
897789,2026-10-06 23:00:10,0.936
897789,2026-10-06 23:15:10,0.9355
897789,2026-10-06 23:30:10,0.9357
897789,2026-10-06 23:45:10,0.9358
897789,2026-10-07 00:00:10,0.9359
897789,2026-10-07 00:15:10,0.9365
897789,2026-10-07 00:30:10,0.9367
897789,2026-10-07 00:45:10,0.9367
897789,2026-10-07 05:00:08,0.9362
897789,2026-10-07 05:15:08,0.9363
897789,2026-10-07 05:30:08,0.9363
897789,2026-10-07 05:45:08,0.9362
897789,2026-10-07 06:00:08,0.9364
897789,2026-10-07 06:15:08,0.9362
897789,2026-10-07 06:30:08,0.9359
897789,2026-10-07 06:45:08,0.936
897789,2026-10-07 07:00:08,0.9362
897789,2026-10-07 07:15:08,0.936
897789,2026-10-07 07:30:08,0.9358
897789,2026-10-07 07:45:08,0.9358
897789,2026-10-07 08:00:12,0.9359
897789,2026-10-07 08:15:12,0.9354
897789,2026-10-07 08:30:12,0.9352
897789,2026-10-07 08:45:12,0.9346
897789,2026-10-07 09:00:12,0.9344
897789,2026-10-07 09:15:12,0.9344
897789,2026-10-07 09:30:12,0.9335
897789,2026-10-07 09:45:12,0.9331
897789,2026-10-07 10:00:12,0.9322
897789,2026-10-07 10:15:12,0.9316
897789,2026-10-07 10:30:12,0.9323
897789,2026-10-07 10:45:12,0.933
897789,2026-10-07 11:00:12,0.933
897789,2026-10-07 11:15:12,0.9332
897789,2026-10-07 11:30:12,0.9326
897789,2026-10-07 11:45:12,0.9327
897789,2026-10-07 12:00:12,0.9329
897789,2026-10-07 12:15:12,0.9318
897789,2026-10-07 12:30:12,0.9319
897789,2026-10-07 12:45:12,0.9318
897789,2026-10-07 13:00:12,0.9317
897789,2026-10-07 13:15:12,0.9314
897789,2026-10-07 13:30:12,0.9312
897789,2026-10-07 13:45:12,0.9298
897789,2026-10-07 14:00:14,0.9311
897789,2026-10-07 14:15:14,0.9307
897789,2026-10-07 14:30:14,0.9304
897789,2026-10-07 14:45:13,0.9312
897789,2026-10-07 15:00:14,0.9314
897789,2026-10-07 15:15:14,0.9312
897789,2026-10-07 15:30:14,0.9319
897789,2026-10-07 15:45:14,0.9313
897789,2026-10-07 16:00:14,0.9317
897789,2026-10-07 16:15:14,0.9304
897789,2026-10-07 16:30:15,0.9306
897789,2026-10-07 16:45:14,0.9308
897789,2026-10-07 17:00:17,0.9319
897789,2026-10-07 17:15:14,0.9327
897789,2026-10-07 17:30:14,0.9325
897789,2026-10-07 17:45:14,0.9328
897789,2026-10-07 18:00:20,0.9327
897789,2026-10-07 18:15:14,0.9328
897789,2026-10-07 18:30:14,0.933
897789,2026-10-07 18:45:14,0.9329
897789,2026-10-07 19:00:14,0.9329
897789,2026-10-07 19:15:14,0.9329
897789,2026-10-07 19:30:14,0.9328
897789,2026-10-07 19:45:14,0.9327
897789,2026-10-07 20:00:14,0.9328
897789,2026-10-07 20:15:14,0.9328
897789,2026-10-07 20:30:14,0.9327
897789,2026-10-07 20:45:13,0.9326
897789,2026-10-07 21:00:14,0.9328
897789,2026-10-07 21:15:42,0.9329
897789,2026-10-07 21:30:41,0.9331
897789,2026-10-07 21:45:41,0.9332
897789,2026-10-07 22:00:41,0.9331
897789,2026-10-07 22:15:41,0.9331
897789,2026-10-07 22:30:41,0.933
897789,2026-10-07 22:45:41,0.933
897789,2026-10-07 23:00:37,0.9329
897789,2026-10-07 23:15:36,0.9327
897789,2026-10-07 23:30:37,0.9325
897789,2026-10-07 23:45:37,0.9326
897789,2026-10-08 00:00:37,0.9325
897789,2026-10-08 00:15:37,0.9329
897789,2026-10-08 00:30:37,0.9328
897789,2026-10-08 00:45:37,0.9328
897789,2026-10-08 05:00:35,0.9331
897789,2026-10-08 05:15:35,0.9332
897789,2026-10-08 05:30:35,0.9333
897789,2026-10-08 05:45:35,0.933
897789,2026-10-08 06:00:35,0.933
897789,2026-10-08 06:15:35,0.9331
897789,2026-10-08 06:30:35,0.9331
897789,2026-10-08 06:45:35,0.9333
897789,2026-10-08 07:00:35,0.9332
897789,2026-10-08 07:15:35,0.9333
897789,2026-10-08 07:30:35,0.9334
897789,2026-10-08 07:45:35,0.9332
897789,2026-10-08 08:00:40,0.9328
897789,2026-10-08 08:15:41,0.933
897789,2026-10-08 08:30:40,0.9329
897789,2026-10-08 08:45:41,0.9328
897789,2026-10-08 09:00:40,0.932
897789,2026-10-08 09:15:42,0.9321
897789,2026-10-08 09:30:40,0.9328
897789,2026-10-08 09:45:40,0.9329
897789,2026-10-08 10:00:40,0.9327
897789,2026-10-08 10:15:40,0.933
897789,2026-10-08 10:30:40,0.9335
897789,2026-10-08 10:45:41,0.9331
897789,2026-10-08 11:00:41,0.9329
897789,2026-10-08 11:15:40,0.9331
897789,2026-10-08 11:30:42,0.9337
897789,2026-10-08 11:45:44,0.9331
897789,2026-10-08 12:00:40,0.9328
897789,2026-10-08 12:15:42,0.9329
897789,2026-10-08 12:30:40,0.9323
897789,2026-10-08 12:45:40,0.9323
897789,2026-10-08 13:00:42,0.9321
897789,2026-10-08 13:15:42,0.9317
897789,2026-10-08 13:30:40,0.9317
897789,2026-10-08 13:45:40,0.9319
897789,2026-10-08 14:00:45,0.9319
897789,2026-10-08 14:15:42,0.9322
897789,2026-10-08 14:30:43,0.9326
897789,2026-10-08 14:45:42,0.9323
897789,2026-10-08 15:00:42,0.9325
897789,2026-10-08 15:15:43,0.9327
897789,2026-10-08 15:30:42,0.9331
897789,2026-10-08 15:45:43,0.9334
897789,2026-10-08 16:00:44,0.9332
897789,2026-10-08 16:15:43,0.9336
897789,2026-10-08 16:30:42,0.934
897789,2026-10-08 16:45:45,0.9339
897789,2026-10-08 17:00:42,0.9335
897789,2026-10-08 17:15:42,0.933
897789,2026-10-08 17:30:43,0.9329
897789,2026-10-08 17:45:42,0.9329
897789,2026-10-08 18:00:43,0.9327
897789,2026-10-08 18:15:43,0.9324
897789,2026-10-08 18:30:42,0.9323
897789,2026-10-08 18:45:42,0.9326
897789,2026-10-08 19:00:42,0.9323
897789,2026-10-08 19:15:41,0.9324
897789,2026-10-08 19:30:42,0.932
897789,2026-10-08 19:45:42,0.9324
897789,2026-10-08 20:00:42,0.9321
897789,2026-10-08 20:15:42,0.9322
897789,2026-10-08 20:30:41,0.9322
897789,2026-10-08 20:45:41,0.9322
897789,2026-10-08 21:00:41,0.9321
897789,2026-10-08 21:15:41,0.9322
897789,2026-10-08 21:30:41,0.9322
897789,2026-10-08 21:45:41,0.9322
897789,2026-10-08 22:00:41,0.9324
897789,2026-10-08 22:15:41,0.9324
897789,2026-10-08 22:30:41,0.9323
897789,2026-10-08 22:45:41,0.9323
897789,2026-10-08 23:00:37,0.9322
897789,2026-10-08 23:15:37,0.9319
897789,2026-10-08 23:30:37,0.9321
897789,2026-10-08 23:45:37,0.932
897789,2026-10-09 00:00:37,0.9323
897789,2026-10-09 00:15:37,0.9324
897789,2026-10-09 00:30:36,0.9322
897789,2026-10-09 00:45:37,0.9322
897789,2026-10-09 05:00:35,0.9323
897789,2026-10-09 05:15:35,0.932
897789,2026-10-09 05:30:35,0.9321
897789,2026-10-09 05:45:35,0.9321
897789,2026-10-09 06:00:35,0.932
897789,2026-10-09 06:15:35,0.932
897789,2026-10-09 06:30:35,0.932
897789,2026-10-09 06:45:35,0.9322
897789,2026-10-09 07:00:35,0.9324
897789,2026-10-09 07:15:35,0.9325
897789,2026-10-09 07:30:35,0.9326
897789,2026-10-09 07:45:35,0.9329
897789,2026-10-09 08:00:40,0.9328
897789,2026-10-09 08:15:41,0.9328
897789,2026-10-09 08:30:41,0.933
897789,2026-10-09 08:45:40,0.933
897789,2026-10-09 09:00:40,0.9328
897789,2026-10-09 09:15:40,0.9324
897789,2026-10-09 09:30:40,0.9323
897789,2026-10-09 09:45:40,0.9324
897789,2026-10-09 10:00:39,0.9321
897789,2026-10-09 10:15:41,0.9322
897789,2026-10-09 10:30:40,0.9327
897789,2026-10-09 10:45:41,0.9325
897789,2026-10-09 11:00:43,0.9323
897789,2026-10-09 11:15:41,0.9328
897789,2026-10-09 11:30:41,0.9327
897789,2026-10-09 11:45:41,0.9325
897789,2026-10-09 12:00:40,0.932
897789,2026-10-09 12:15:41,0.9317
897789,2026-10-09 12:30:41,0.9316
897789,2026-10-09 12:45:40,0.9316
897789,2026-10-09 13:00:40,0.9313
897789,2026-10-09 13:15:40,0.9314
897789,2026-10-09 13:30:40,0.9319
897789,2026-10-09 13:45:40,0.9316
897789,2026-10-09 14:00:42,0.9315
897789,2026-10-09 14:15:44,0.931
897789,2026-10-09 14:30:42,0.9312
897789,2026-10-09 14:45:42,0.9311
897789,2026-10-09 15:00:43,0.9314
897789,2026-10-09 15:15:43,0.9314
897789,2026-10-09 15:30:42,0.9312
897789,2026-10-09 15:45:43,0.9306
897789,2026-10-09 16:00:43,0.9305
897789,2026-10-09 16:15:42,0.9305
897789,2026-10-09 16:30:42,0.9308
897789,2026-10-09 16:45:43,0.9308
897789,2026-10-09 17:00:43,0.9308
897789,2026-10-09 17:15:42,0.9303
897789,2026-10-09 17:30:43,0.9301
897789,2026-10-09 17:45:43,0.9299
897789,2026-10-09 18:00:42,0.9297
897789,2026-10-09 18:15:42,0.9295
897789,2026-10-09 18:30:43,0.929
897789,2026-10-09 18:45:42,0.9291
897789,2026-10-09 19:00:41,0.929
897789,2026-10-09 19:15:42,0.9291
897789,2026-10-09 19:30:42,0.9293
897789,2026-10-09 19:45:42,0.9293
897789,2026-10-09 20:00:42,0.9294
897789,2026-10-09 20:15:41,0.9295
897789,2026-10-09 20:30:42,0.9295
897789,2026-10-09 20:45:41,0.9294
897789,2026-10-09 21:00:41,0.9295
897789,2026-10-09 21:15:41,0.9296
897789,2026-10-09 21:30:40,0.9294
897789,2026-10-09 21:45:41,0.9293
897789,2026-10-09 22:00:41,0.9294
897789,2026-10-09 22:15:41,0.9296
897789,2026-10-09 22:30:41,0.9297
897789,2026-10-09 22:45:41,0.9298
897789,2026-10-09 23:00:37,0.9297
897789,2026-10-09 23:15:39,0.9295
897789,2026-10-09 23:30:36,0.9295
897789,2026-10-09 23:45:37,0.9295
897789,2026-10-10 00:00:39,0.9295
897789,2026-10-10 00:15:36,0.9295
897789,2026-10-10 00:30:37,0.9295
897789,2026-10-10 00:45:37,0.9295
40149561,2026-07-15 23:52:26,1919.35
40149561,2026-07-16 23:15:27,1874.63
40149561,2026-07-17 23:07:24,1843.91
40149561,2026-07-18 23:05:44,1856.88
40149561,2026-07-19 23:06:39,1865.65
40149561,2026-07-20 22:40:24,1904.3
40149561,2026-07-21 22:36:06,1924.38
40149561,2026-07-22 23:16:00,1926.72998
40149561,2026-07-23 23:14:00,1881.640015
40149561,2026-07-24 20:02:00,1848.23999
40149561,2026-07-25 23:14:00,1873.449951
40149561,2026-07-26 07:47:00,1879.290039
40149561,2026-07-27 18:45:00,1933.130005
40149561,2026-07-27 23:35:13,1942.050048828125
40149561,2026-07-28 23:55:59,1923.63
40149561,2026-07-29 23:50:03,1890.62
40149561,2026-07-30 23:39:10,1920.12
40149561,2026-07-31,1868.17
40149561,2026-07-31 23:35:07,1860.78003
40149561,2026-08-01,1868.17
40149561,2026-08-01 23:14:56,1836.72998
40149561,2026-08-02 23:15:36,1884.68994
40149561,2026-08-03 23:58:50,1861.93994
40149561,2026-08-04 23:45:30,1871.17004
40149561,2026-08-05 23:41:07,1907.56006
40149561,2026-08-06 16:44:02,1914.48999
40149561,2026-08-07 23:19:25,1914.7099609375
40149561,2026-08-08,1917.02
40149561,2026-08-08 23:47:29,1917.0999755859375
40149561,2026-08-09 23:49:17,1910.5899658203125
40149561,2026-08-10 23:19:58,1872.56005859375
40149561,2026-08-11 23:06:11,1878.0400390625
40149561,2026-08-12 23:24:43,1873.3299560546875
40149561,2026-08-13 19:37:55,1886.20261
40149561,2026-08-13 23:25:58,1884.1600341796875
40149561,2026-08-14 04:19:22,1884.88244
40149561,2026-08-14 23:41:13,1879.1400146484375
40149561,2026-08-15 03:36:05,1882.17992
40149561,2026-08-15 23:58:58,1880.949951171875
40149561,2026-08-16 23:58:19,1874.1700439453125
40149561,2026-08-17 03:53:15,1899.85527
40149561,2026-08-17 23:40:44,1913.050048828125
40149561,2026-08-18 23:40:04,1917.9200439453125
40149561,2026-08-19 23:40:55,2251.489990234375
40149561,2026-08-20 18:58:48,2318.69037
40149561,2026-08-20 23:43:07,2325.389892578125
40149561,2026-08-21 23:41:57,2516.360107421875
40149561,2026-08-22 03:31:16,2521.17059
40149561,2026-08-22 23:59:38,2422.9599609375
40149561,2026-08-23 23:59:33,2462.830078125
40149561,2026-08-24 23:40:06,2486.340087890625
40149561,2026-08-25 23:41:05,2447.409912109375
40149561,2026-08-26 22:31:20,2507.090087890625
40149561,2026-08-27 15:17:47,2526.659912109375
40149561,2026-08-28 22:27:46,2434.239990234375
40149561,2026-08-29 23:38:49,2455.64990234375
40149561,2026-08-30 04:11:29,2457.00744
40149561,2026-08-30 22:48:30,2469.409912109375
40149561,2026-08-31 18:37:41,2474.81828
40149561,2026-08-31 21:06:46,2470.02001953125
40149561,2026-08-31 23:45:47,2481.32
40149561,2026-09-01 03:41:07,2478.71525
40149561,2026-09-01 15:13:30,2437.4599609375
40149561,2026-09-01 23:45:47,2411.44
40149561,2026-09-02 23:45:47,2391.6
40149561,2026-09-03 23:45:20,2510.74
40149561,2026-09-04 23:45:18,2457.0
40149561,2026-09-05 19:04:41,2476.71103
40149561,2026-09-05 23:45:54,2490.9
40149561,2026-09-06 23:45:37,2509.82
40149561,2026-09-07 23:45:57,2492.95
40149561,2026-09-08 23:45:57,2483.72
40149561,2026-09-09 23:45:57,2463.7
40149561,2026-09-10 23:45:17,2459.19
40149561,2026-09-11 23:45:51,2534.3
40149561,2026-09-12 23:45:22,2523.08
40149561,2026-09-13 23:45:51,2511.34
40149561,2026-09-14 23:45:40,2547.39
40149561,2026-09-15 23:45:42,2399.25
40149561,2026-09-16 23:45:42,2401.1
40149561,2026-09-17 23:45:42,2449.52
40149561,2026-09-18 23:45:42,2627.51
40149561,2026-09-19 23:45:42,2624.71
40149561,2026-09-20 23:45:48,2622.5
40149561,2026-09-21 23:45:49,2776.36
40149561,2026-09-22 23:45:48,2748.43
40149561,2026-09-23 23:45:48,2678.48
40149561,2026-09-24 23:45:10,2689.99
40149561,2026-09-25 23:45:27,2681.08
40149561,2026-09-26 23:45:26,2685.02
40149561,2026-09-27 23:45:25,2682.38
40149561,2026-09-28 00:00:28,2685.98
40149561,2026-09-28 00:15:26,2672.7
40149561,2026-09-28 00:30:27,2681.25
40149561,2026-09-28 00:45:25,2669.78
40149561,2026-09-28 01:00:28,2678.02
40149561,2026-09-28 01:15:25,2675.6
40149561,2026-09-28 01:30:28,2686.33
40149561,2026-09-28 01:45:26,2683.29
40149561,2026-09-28 02:00:29,2687.55
40149561,2026-09-28 02:15:25,2686.43
40149561,2026-09-28 02:30:27,2689.96
40149561,2026-09-28 02:45:25,2679.98
40149561,2026-09-28 03:00:33,2672.83
40149561,2026-09-28 03:15:26,2667.98
40149561,2026-09-28 03:30:28,2675.19
40149561,2026-09-28 03:45:26,2666.28
40149561,2026-09-28 04:00:29,2655.27
40149561,2026-09-28 04:15:26,2660.75
40149561,2026-09-28 04:30:28,2654.43
40149561,2026-09-28 04:45:25,2653.71
40149561,2026-09-28 05:00:28,2654.75
40149561,2026-09-28 05:15:26,2655.44
40149561,2026-09-28 05:30:28,2644.97
40149561,2026-09-28 05:45:25,2652.65
40149561,2026-09-28 06:00:28,2651.66
40149561,2026-09-28 06:15:25,2654.08
40149561,2026-09-28 06:30:27,2657.45
40149561,2026-09-28 06:45:25,2658.32
40149561,2026-09-28 07:00:28,2658.95
40149561,2026-09-28 07:15:26,2651.18
40149561,2026-09-28 07:30:27,2645.55
40149561,2026-09-28 07:45:25,2651.94
40149561,2026-09-28 08:00:27,2650.99
40149561,2026-09-28 08:15:25,2652.69
40149561,2026-09-28 08:30:27,2645.94
40149561,2026-09-28 08:45:25,2649.84
40149561,2026-09-28 09:00:35,2648.98
40149561,2026-09-28 09:15:25,2647.05
40149561,2026-09-28 09:30:27,2643.42
40149561,2026-09-28 09:45:25,2643.0
40149561,2026-09-28 10:00:27,2642.39
40149561,2026-09-28 10:15:25,2649.93
40149561,2026-09-28 10:30:27,2646.4
40149561,2026-09-28 10:45:25,2642.85
40149561,2026-09-28 11:00:27,2650.19
40149561,2026-09-28 11:15:25,2649.54
40149561,2026-09-28 11:30:27,2646.43
40149561,2026-09-28 11:45:25,2638.06
40149561,2026-09-28 12:00:28,2641.48
40149561,2026-09-28 12:15:24,2648.44
40149561,2026-09-28 12:30:25,2648.37
40149561,2026-09-28 12:45:25,2654.48
40149561,2026-09-28 13:00:27,2659.31
40149561,2026-09-28 13:15:25,2661.34
40149561,2026-09-28 13:30:26,2664.51
40149561,2026-09-28 13:45:25,2664.6
40149561,2026-09-28 14:00:27,2666.99
40149561,2026-09-28 14:15:25,2682.61
40149561,2026-09-28 14:30:28,2679.38
40149561,2026-09-28 14:45:25,2680.02
40149561,2026-09-28 15:00:28,2686.41
40149561,2026-09-28 15:15:25,2685.32
40149561,2026-09-28 15:30:27,2691.95
40149561,2026-09-28 15:45:25,2696.84
40149561,2026-09-28 16:00:28,2687.4
40149561,2026-09-28 16:15:25,2679.54
40149561,2026-09-28 16:30:26,2674.1
40149561,2026-09-28 16:45:26,2660.05
40149561,2026-09-28 17:00:28,2667.98
40149561,2026-09-28 17:15:25,2661.34
40149561,2026-09-28 17:30:27,2667.39
40149561,2026-09-28 17:45:26,2674.44
40149561,2026-09-28 18:00:27,2675.7
40149561,2026-09-28 18:15:25,2672.67
40149561,2026-09-28 18:30:28,2695.36
40149561,2026-09-28 18:45:27,2683.68
40149561,2026-09-28 19:00:27,2684.48
40149561,2026-09-28 19:15:25,2714.6
40149561,2026-09-28 19:30:28,2698.93
40149561,2026-09-28 19:45:25,2701.84
40149561,2026-09-28 20:00:28,2692.48
40149561,2026-09-28 20:15:25,2697.69
40149561,2026-09-28 20:30:28,2694.48
40149561,2026-09-28 20:45:28,2688.48
40149561,2026-09-28 21:00:28,2698.57
40149561,2026-09-28 21:15:26,2683.29
40149561,2026-09-28 21:30:28,2679.87
40149561,2026-09-28 21:45:25,2671.72
40149561,2026-09-28 22:00:27,2674.1
40149561,2026-09-28 22:15:24,2684.14
40149561,2026-09-28 22:30:26,2678.22
40149561,2026-09-28 22:45:26,2678.73
40149561,2026-09-28 23:00:28,2684.22
40149561,2026-09-28 23:15:27,2685.36
40149561,2026-09-28 23:30:26,2681.13
40149561,2026-09-28 23:45:25,2679.48
40149561,2026-09-29 00:00:32,2672.12
40149561,2026-09-29 00:15:28,2671.48
40149561,2026-09-29 00:30:27,2674.92
40149561,2026-09-29 00:45:26,2684.02
40149561,2026-09-29 01:00:28,2686.48
40149561,2026-09-29 01:15:25,2686.4
40149561,2026-09-29 01:30:28,2689.73
40149561,2026-09-29 01:45:25,2690.49
40149561,2026-09-29 02:00:29,2687.58
40149561,2026-09-29 02:15:26,2688.09
40149561,2026-09-29 02:30:26,2688.48
40149561,2026-09-29 02:45:25,2687.91
40149561,2026-09-29 03:00:28,2674.34
40149561,2026-09-29 03:15:26,2668.76
40149561,2026-09-29 03:30:27,2659.16
40149561,2026-09-29 03:45:24,2662.52
40149561,2026-09-29 04:00:28,2665.06
40149561,2026-09-29 04:15:26,2660.14
40149561,2026-09-29 04:30:28,2655.08
40149561,2026-09-29 04:45:27,2658.9
40149561,2026-09-29 05:00:28,2656.1
40149561,2026-09-29 05:15:24,2655.63
40149561,2026-09-29 05:30:27,2665.66
40149561,2026-09-29 05:45:25,2665.09
40149561,2026-09-29 06:00:18,2664.15
40149561,2026-09-29 06:15:17,2667.12
40149561,2026-09-29 06:30:17,2668.56
40149561,2026-09-29 06:45:17,2664.94
40149561,2026-09-29 07:00:17,2666.74
40149561,2026-09-29 07:15:18,2668.66
40149561,2026-09-29 07:30:17,2670.37
40149561,2026-09-29 07:45:17,2667.39
40149561,2026-09-29 08:00:17,2674.77
40149561,2026-09-29 08:15:17,2692.34
40149561,2026-09-29 08:30:17,2693.21
40149561,2026-09-29 08:45:17,2697.52
40149561,2026-09-29 09:00:17,2704.88
40149561,2026-09-29 09:15:17,2709.38
40149561,2026-09-29 09:30:17,2713.04
40149561,2026-09-29 09:45:17,2711.34
40149561,2026-09-29 10:00:17,2712.7
40149561,2026-09-29 10:15:17,2715.85
40149561,2026-09-29 10:30:17,2722.07
40149561,2026-09-29 10:45:04,2710.02
40149561,2026-09-29 11:00:04,2707.32
40149561,2026-09-29 11:15:04,2703.3
40149561,2026-09-29 11:30:04,2703.56
40149561,2026-09-29 11:45:04,2711.12
40149561,2026-09-29 12:00:04,2716.62
40149561,2026-09-29 12:15:04,2715.45
40149561,2026-09-29 12:30:04,2713.96
40149561,2026-09-29 12:45:04,2710.13
40149561,2026-09-29 13:00:04,2713.65
40149561,2026-09-29 13:15:04,2716.13
40149561,2026-09-29 13:30:04,2717.67
40149561,2026-09-29 13:45:04,2723.28
40149561,2026-09-29 14:00:04,2731.25
40149561,2026-09-29 14:15:04,2731.17
40149561,2026-09-29 14:30:04,2736.3
40149561,2026-09-29 14:45:04,2739.41
40149561,2026-09-29 15:00:04,2736.14
40149561,2026-09-29 15:15:04,2735.81
40149561,2026-09-29 15:30:04,2736.35
40149561,2026-09-29 15:45:04,2725.52
40149561,2026-09-29 16:00:04,2726.94
40149561,2026-09-29 16:15:05,2716.9
40149561,2026-09-29 16:30:04,2715.3
40149561,2026-09-29 16:45:04,2714.21
40149561,2026-09-29 17:00:04,2709.94
40149561,2026-09-29 17:15:04,2691.84
40149561,2026-09-29 17:30:04,2676.14
40149561,2026-09-29 17:45:04,2681.28
40149561,2026-09-29 18:00:04,2673.4
40149561,2026-09-29 18:15:04,2674.44
40149561,2026-09-29 18:30:04,2681.75
40149561,2026-09-29 18:45:04,2672.33
40149561,2026-09-29 19:00:04,2674.98
40149561,2026-09-29 19:15:04,2679.69
40149561,2026-09-29 19:30:04,2676.86
40149561,2026-09-29 19:45:04,2674.21
40149561,2026-09-29 20:00:04,2674.24
40149561,2026-09-29 20:15:04,2683.47
40149561,2026-09-29 20:30:04,2684.68
40149561,2026-09-29 20:45:04,2693.94
40149561,2026-09-29 21:00:04,2694.74
40149561,2026-09-29 21:15:04,2695.78
40149561,2026-09-29 21:30:04,2694.51
40149561,2026-09-29 21:31:06,2694.51
40149561,2026-09-29 21:45:55,2686.82
40149561,2026-09-29 22:01:15,2689.49
40149561,2026-09-29 22:15:57,2689.66
40149561,2026-09-29 22:31:01,2690.94
40149561,2026-09-29 22:45:57,2690.16
40149561,2026-09-29 23:01:11,2689.03
40149561,2026-09-29 23:15:52,2686.88
40149561,2026-09-29 23:30:56,2677.64
40149561,2026-09-29 23:45:52,2677.03
40149561,2026-09-30 00:01:03,2680.09
40149561,2026-09-30 00:15:52,2679.56
40149561,2026-09-30 00:30:56,2678.98
40149561,2026-09-30 00:45:52,2681.13
40149561,2026-09-30 01:01:04,2680.62
40149561,2026-09-30 01:15:52,2685.95
40149561,2026-09-30 01:30:58,2679.15
40149561,2026-09-30 01:45:52,2677.41
40149561,2026-09-30 02:01:03,2677.26
40149561,2026-09-30 02:15:52,2671.09
40149561,2026-09-30 02:30:55,2672.59
40149561,2026-09-30 02:45:52,2667.98
40149561,2026-09-30 03:01:00,2670.11
40149561,2026-09-30 03:15:52,2670.74
40149561,2026-09-30 03:30:54,2671.45
40149561,2026-09-30 03:45:52,2670.37
40149561,2026-09-30 04:01:02,2672.25
40149561,2026-09-30 04:15:52,2670.61
40149561,2026-09-30 04:30:55,2667.67
40149561,2026-09-30 04:45:52,2670.47
40149561,2026-09-30 05:01:10,2672.89
40149561,2026-09-30 05:15:54,2672.04
40149561,2026-09-30 05:31:00,2669.38
40149561,2026-09-30 05:45:58,2672.36
40149561,2026-09-30 06:01:15,2670.2
40149561,2026-09-30 06:15:55,2673.86
40149561,2026-09-30 06:31:09,2671.21
40149561,2026-09-30 06:45:59,2671.64
40149561,2026-09-30 07:01:17,2672.63
40149561,2026-09-30 07:15:57,2666.8
40149561,2026-09-30 07:31:10,2677.81
40149561,2026-09-30 07:45:56,2677.09
40149561,2026-09-30 08:01:29,2674.16
40149561,2026-09-30 08:16:04,2664.9
40149561,2026-09-30 08:31:12,2663.13
40149561,2026-09-30 08:45:59,2660.39
40149561,2026-09-30 09:01:20,2661.54
40149561,2026-09-30 09:16:00,2662.14
40149561,2026-09-30 09:31:09,2670.69
40149561,2026-09-30 09:45:57,2674.98
40149561,2026-09-30 10:01:22,2673.1
40149561,2026-09-30 10:15:58,2666.04
40149561,2026-09-30 10:31:04,2665.0
40149561,2026-09-30 10:46:00,2667.87
40149561,2026-09-30 11:00:57,2670.38
40149561,2026-09-30 11:15:33,2677.05
40149561,2026-09-30 11:30:48,2684.24
40149561,2026-09-30 11:45:37,2686.54
40149561,2026-09-30 12:00:45,2690.18
40149561,2026-09-30 12:15:33,2687.49
40149561,2026-09-30 12:30:36,2692.99
40149561,2026-09-30 12:45:33,2693.36
40149561,2026-09-30 13:00:46,2692.98
40149561,2026-09-30 13:15:33,2689.26
40149561,2026-09-30 13:30:43,2691.37
40149561,2026-09-30 13:45:42,2697.27
40149561,2026-09-30 14:00:45,2697.16
40149561,2026-09-30 14:15:34,2695.81
40149561,2026-09-30 14:31:03,2713.63
40149561,2026-09-30 14:45:40,2733.29
40149561,2026-09-30 15:00:43,2730.65
40149561,2026-09-30 15:15:45,2733.71
40149561,2026-09-30 15:30:40,2723.73
40149561,2026-09-30 15:45:37,2702.67
40149561,2026-09-30 16:00:49,2706.02
40149561,2026-09-30 16:15:44,2700.16
40149561,2026-09-30 16:30:38,2680.54
40149561,2026-09-30 16:45:34,2674.89
40149561,2026-09-30 17:00:50,2679.2
40149561,2026-09-30 17:15:37,2680.5
40149561,2026-09-30 17:31:05,2679.06
40149561,2026-09-30 17:45:38,2679.54
40149561,2026-09-30 18:01:00,2681.66
40149561,2026-09-30 18:15:45,2685.61
40149561,2026-09-30 18:30:37,2686.8
40149561,2026-09-30 18:45:50,2689.14
40149561,2026-09-30 19:01:13,2693.07
40149561,2026-09-30 19:15:36,2689.75
40149561,2026-09-30 19:30:36,2684.51
40149561,2026-09-30 19:45:33,2677.38
40149561,2026-09-30 20:00:38,2683.3
40149561,2026-09-30 20:15:48,2679.54
40149561,2026-09-30 20:30:36,2679.8
40149561,2026-09-30 20:45:33,2673.02
40149561,2026-09-30 21:00:39,2677.89
40149561,2026-09-30 21:15:31,2671.95
40149561,2026-09-30 21:30:36,2672.26
40149561,2026-09-30 21:45:32,2674.21
40149561,2026-09-30 22:00:39,2668.95
40149561,2026-09-30 22:15:29,2673.2
40149561,2026-09-30 22:30:49,2678.35
40149561,2026-09-30 22:45:31,2679.24
40149561,2026-09-30 23:00:37,2681.7
40149561,2026-09-30 23:15:44,2682.57
40149561,2026-09-30 23:30:46,2682.42
40149561,2026-09-30 23:45:45,2682.33
40149561,2026-10-01 00:00:33,2683.48
40149561,2026-10-01 00:15:36,2681.54
40149561,2026-10-01 00:30:49,2687.27
40149561,2026-10-01 00:45:30,2689.27
40149561,2026-10-01 01:00:38,2686.06
40149561,2026-10-01 01:15:31,2687.36
40149561,2026-10-01 01:30:32,2687.0
40149561,2026-10-01 01:45:41,2686.92
40149561,2026-10-01 02:00:37,2684.73
40149561,2026-10-01 02:15:30,2679.83
40149561,2026-10-01 02:30:35,2679.38
40149561,2026-10-01 02:45:30,2685.81
40149561,2026-10-01 03:00:36,2682.29
40149561,2026-10-01 03:15:30,2684.32
40149561,2026-10-01 03:30:43,2688.35
40149561,2026-10-01 03:45:30,2690.0
40149561,2026-10-01 04:00:34,2689.52
40149561,2026-10-01 04:15:32,2689.01
40149561,2026-10-01 04:30:45,2689.05
40149561,2026-10-01 04:45:30,2683.47
40149561,2026-10-01 05:00:50,2686.0
40149561,2026-10-01 05:15:32,2685.71
40149561,2026-10-01 05:30:46,2685.02
40149561,2026-10-01 05:45:37,2690.16
40149561,2026-10-01 06:00:49,2694.17
40149561,2026-10-01 06:15:35,2696.91
40149561,2026-10-01 06:30:42,2696.61
40149561,2026-10-01 06:45:34,2697.69
40149561,2026-10-01 07:00:48,2706.63
40149561,2026-10-01 07:15:36,2711.93
40149561,2026-10-01 07:30:41,2712.87
40149561,2026-10-01 07:45:37,2713.29
40149561,2026-10-01 08:00:53,2716.52
40149561,2026-10-01 08:15:33,2717.87
40149561,2026-10-01 08:30:50,2719.11
40149561,2026-10-01 08:45:43,2713.51
40149561,2026-10-01 09:01:21,2713.86
40149561,2026-10-01 09:15:35,2710.86
40149561,2026-10-01 09:30:51,2684.5
40149561,2026-10-01 09:45:34,2678.6
40149561,2026-10-01 10:00:53,2676.95
40149561,2026-10-01 10:15:37,2675.49
40149561,2026-10-01 10:30:43,2677.6
40149561,2026-10-01 10:45:56,2681.1
40149561,2026-10-01 11:00:44,2686.1
40149561,2026-10-01 11:15:34,2688.29
40149561,2026-10-01 11:30:47,2693.31
40149561,2026-10-01 11:45:49,2694.14
40149561,2026-10-01 12:00:38,2687.31
40149561,2026-10-01 12:15:36,2683.12
40149561,2026-10-01 12:30:47,2687.63
40149561,2026-10-01 12:45:41,2694.24
40149561,2026-10-01 13:01:04,2698.75
40149561,2026-10-01 13:15:48,2696.3
40149561,2026-10-01 13:30:33,2696.65
40149561,2026-10-01 13:45:34,2703.73
40149561,2026-10-01 14:01:03,2706.45
40149561,2026-10-01 14:15:40,2705.24
40149561,2026-10-01 14:30:34,2705.96
40149561,2026-10-01 14:45:32,2703.8
40149561,2026-10-01 15:00:46,2692.43
40149561,2026-10-01 15:15:35,2684.48
40149561,2026-10-01 15:30:39,2685.62
40149561,2026-10-01 15:45:35,2699.91
40149561,2026-10-01 16:01:12,2688.42
40149561,2026-10-01 16:15:53,2689.07
40149561,2026-10-01 16:30:43,2698.08
40149561,2026-10-01 16:45:33,2692.9
40149561,2026-10-01 17:00:36,2690.4
40149561,2026-10-01 17:15:32,2688.4
40149561,2026-10-01 17:30:45,2683.33
40149561,2026-10-01 17:45:37,2676.3
40149561,2026-10-01 18:00:39,2681.1
40149561,2026-10-01 18:15:39,2684.83
40149561,2026-10-01 18:30:32,2686.31
40149561,2026-10-01 18:45:34,2684.15
40149561,2026-10-01 19:01:03,2680.56
40149561,2026-10-01 19:15:40,2691.01
40149561,2026-10-01 19:30:37,2708.83
40149561,2026-10-01 19:45:32,2706.36
40149561,2026-10-01 20:00:45,2696.21
40149561,2026-10-01 20:15:32,2699.67
40149561,2026-10-01 20:30:34,2699.49
40149561,2026-10-01 20:45:32,2704.73
40149561,2026-10-01 21:00:42,2699.44
40149561,2026-10-01 21:15:30,2701.45
40149561,2026-10-01 21:30:38,2692.22
40149561,2026-10-01 21:45:29,2696.8
40149561,2026-10-01 22:00:37,2699.55
40149561,2026-10-01 22:15:30,2701.02
40149561,2026-10-01 22:30:34,2700.05
40149561,2026-10-01 22:45:29,2695.96
40149561,2026-10-01 23:00:40,2697.1
40149561,2026-10-01 23:15:31,2694.45
40149561,2026-10-01 23:30:40,2692.18
40149561,2026-10-01 23:45:30,2689.41
40149561,2026-10-02 00:00:46,2695.32
40149561,2026-10-02 00:15:29,2697.66
40149561,2026-10-02 00:30:31,2699.3
40149561,2026-10-02 00:45:30,2699.95
40149561,2026-10-02 01:00:32,2701.25
40149561,2026-10-02 01:15:30,2697.94
40149561,2026-10-02 01:30:42,2702.44
40149561,2026-10-02 01:45:29,2703.72
40149561,2026-10-02 02:00:46,2703.71
40149561,2026-10-02 02:15:30,2705.0
40149561,2026-10-02 02:30:33,2703.41
40149561,2026-10-02 02:45:37,2704.39
40149561,2026-10-02 03:00:36,2706.51
40149561,2026-10-02 03:15:29,2702.57
40149561,2026-10-02 03:30:30,2700.67
40149561,2026-10-02 03:45:35,2700.37
40149561,2026-10-02 04:00:35,2714.09
40149561,2026-10-02 04:15:29,2718.0
40149561,2026-10-02 04:30:42,2711.11
40149561,2026-10-02 04:45:30,2711.58
40149561,2026-10-02 05:00:34,2720.05
40149561,2026-10-02 05:15:31,2718.07
40149561,2026-10-02 05:30:44,2714.26
40149561,2026-10-02 05:45:31,2717.92
40149561,2026-10-02 06:00:49,2719.08
40149561,2026-10-02 06:15:31,2714.6
40149561,2026-10-02 06:30:32,2743.36
40149561,2026-10-02 06:45:31,2738.53
40149561,2026-10-02 07:00:50,2741.3
40149561,2026-10-02 07:15:33,2734.63
40149561,2026-10-02 07:30:35,2725.73
40149561,2026-10-02 07:45:33,2718.37
40149561,2026-10-02 08:00:39,2719.81
40149561,2026-10-02 08:15:32,2725.2
40149561,2026-10-02 08:30:36,2728.13
40149561,2026-10-02 08:45:31,2729.89
40149561,2026-10-02 09:00:46,2726.83
40149561,2026-10-02 09:15:33,2730.31
40149561,2026-10-02 09:30:39,2724.41
40149561,2026-10-02 09:45:32,2727.0
40149561,2026-10-02 10:00:40,2739.04
40149561,2026-10-02 10:15:32,2741.94
40149561,2026-10-02 10:30:33,2762.8
40149561,2026-10-02 10:45:30,2758.33
40149561,2026-10-02 11:00:54,2753.07
40149561,2026-10-02 11:15:36,2751.38
40149561,2026-10-02 11:30:38,2743.49
40149561,2026-10-02 11:45:38,2746.96
40149561,2026-10-02 12:00:32,2746.4
40149561,2026-10-02 12:15:34,2742.5
40149561,2026-10-02 12:30:44,2743.28
40149561,2026-10-02 12:45:30,2748.56
40149561,2026-10-02 13:00:43,2742.46
40149561,2026-10-02 13:15:30,2749.4
40149561,2026-10-02 13:30:35,2745.84
40149561,2026-10-02 13:45:29,2747.48
40149561,2026-10-02 14:00:41,2744.91
40149561,2026-10-02 14:15:38,2744.87
40149561,2026-10-02 14:30:32,2753.26
40149561,2026-10-02 14:45:30,2742.19
40149561,2026-10-02 15:00:39,2753.78
40149561,2026-10-02 15:15:31,2748.4
40149561,2026-10-02 15:30:54,2751.8
40149561,2026-10-02 15:45:31,2761.85
40149561,2026-10-02 16:00:39,2742.41
40149561,2026-10-02 16:15:33,2731.86
40149561,2026-10-02 16:30:31,2726.09
40149561,2026-10-02 16:45:31,2725.19
40149561,2026-10-02 17:00:49,2710.39
40149561,2026-10-02 17:15:37,2705.62
40149561,2026-10-02 17:30:33,2701.38
40149561,2026-10-02 17:45:30,2695.97
40149561,2026-10-02 18:00:47,2696.71
40149561,2026-10-02 18:15:29,2695.78
40149561,2026-10-02 18:30:36,2693.54
40149561,2026-10-02 18:45:34,2693.97
40149561,2026-10-02 19:00:45,2689.15
40149561,2026-10-02 19:15:30,2681.68
40149561,2026-10-02 19:30:35,2683.0
40149561,2026-10-02 19:45:33,2680.89
40149561,2026-10-02 20:00:35,2685.44
40149561,2026-10-02 20:15:30,2686.18
40149561,2026-10-02 20:30:34,2678.47
40149561,2026-10-02 20:45:43,2658.17
40149561,2026-10-02 21:00:37,2667.0
40149561,2026-10-02 21:15:31,2664.24
40149561,2026-10-02 21:30:34,2665.87
40149561,2026-10-02 21:45:41,2665.88
40149561,2026-10-02 22:00:36,2667.77
40149561,2026-10-02 22:15:30,2667.93
40149561,2026-10-02 22:30:44,2666.46
40149561,2026-10-02 22:45:28,2660.5
40149561,2026-10-02 23:00:46,2662.35
40149561,2026-10-02 23:15:33,2662.85
40149561,2026-10-02 23:30:41,2658.76
40149561,2026-10-02 23:45:30,2662.3
40149561,2026-10-03 00:00:45,2665.0
40149561,2026-10-03 00:15:29,2661.86
40149561,2026-10-03 00:30:30,2665.23
40149561,2026-10-03 00:45:30,2665.6
40149561,2026-10-03 01:00:36,2667.44
40149561,2026-10-03 01:15:28,2665.64
40149561,2026-10-03 01:30:32,2668.1
40149561,2026-10-03 01:45:38,2669.04
40149561,2026-10-03 02:00:43,2666.82
40149561,2026-10-03 02:15:29,2668.86
40149561,2026-10-03 02:30:33,2672.39
40149561,2026-10-03 02:45:34,2674.53
40149561,2026-10-03 03:00:33,2675.42
40149561,2026-10-03 03:15:29,2679.72
40149561,2026-10-03 03:30:34,2678.78
40149561,2026-10-03 03:45:39,2680.22
40149561,2026-10-03 04:00:34,2679.3
40149561,2026-10-03 04:15:31,2677.79
40149561,2026-10-03 04:30:40,2678.42
40149561,2026-10-03 04:45:32,2681.19
40149561,2026-10-03 05:00:34,2676.66
40149561,2026-10-03 05:15:29,2676.66
40149561,2026-10-03 05:30:39,2680.25
40149561,2026-10-03 05:45:30,2680.2
40149561,2026-10-03 06:00:33,2681.37
40149561,2026-10-03 06:15:30,2679.73
40149561,2026-10-03 06:30:51,2673.82
40149561,2026-10-03 06:45:34,2674.31
40149561,2026-10-03 07:00:48,2674.77
40149561,2026-10-03 07:15:32,2675.1
40149561,2026-10-03 07:30:41,2676.61
40149561,2026-10-03 07:45:31,2676.44
40149561,2026-10-03 08:00:53,2677.0
40149561,2026-10-03 08:15:30,2675.23
40149561,2026-10-03 08:30:33,2677.17
40149561,2026-10-03 08:45:31,2677.92
40149561,2026-10-03 09:00:54,2679.28
40149561,2026-10-03 09:15:42,2680.08
40149561,2026-10-03 09:30:44,2680.7
40149561,2026-10-03 09:45:32,2679.77
40149561,2026-10-03 10:00:34,2680.52
40149561,2026-10-03 10:15:30,2682.41
40149561,2026-10-03 10:30:46,2678.94
40149561,2026-10-03 10:45:32,2682.17
40149561,2026-10-03 11:00:57,2682.59
40149561,2026-10-03 11:15:30,2684.89
40149561,2026-10-03 11:30:45,2684.15
40149561,2026-10-03 11:45:29,2681.73
40149561,2026-10-03 12:00:52,2679.99
40149561,2026-10-03 12:15:31,2680.96
40149561,2026-10-03 12:30:35,2682.53
40149561,2026-10-03 12:45:30,2682.87
40149561,2026-10-03 13:00:33,2683.06
40149561,2026-10-03 13:15:30,2681.46
40149561,2026-10-03 13:30:35,2683.58
40149561,2026-10-03 13:45:44,2684.91
40149561,2026-10-03 14:00:59,2684.09
40149561,2026-10-03 14:15:31,2683.27
40149561,2026-10-03 14:30:36,2682.43
40149561,2026-10-03 14:45:30,2681.2
40149561,2026-10-03 15:01:01,2681.47
40149561,2026-10-03 15:15:29,2680.88
40149561,2026-10-03 15:30:28,2678.25
40149561,2026-10-03 15:45:41,2680.24
40149561,2026-10-03 16:00:30,2681.35
40149561,2026-10-03 16:15:30,2678.56
40149561,2026-10-03 16:30:32,2680.81
40149561,2026-10-03 16:45:32,2680.85
40149561,2026-10-03 17:00:30,2681.0
40149561,2026-10-03 17:15:33,2681.28
40149561,2026-10-03 17:30:48,2680.22
40149561,2026-10-03 17:45:39,2680.68
40149561,2026-10-03 18:00:34,2681.41
40149561,2026-10-03 18:15:30,2679.4
40149561,2026-10-03 18:30:35,2679.97
40149561,2026-10-03 18:45:39,2681.77
40149561,2026-10-03 19:00:30,2681.03
40149561,2026-10-03 19:15:35,2684.64
40149561,2026-10-03 19:30:52,2682.77
40149561,2026-10-03 19:45:30,2684.48
40149561,2026-10-03 20:00:33,2687.33
40149561,2026-10-03 20:15:31,2686.98
40149561,2026-10-03 20:30:36,2686.34
40149561,2026-10-03 20:45:43,2685.08
40149561,2026-10-03 21:00:53,2684.26
40149561,2026-10-03 21:15:43,2684.79
40149561,2026-10-03 21:30:28,2681.28
40149561,2026-10-03 21:45:35,2682.22
40149561,2026-10-03 22:00:33,2685.59
40149561,2026-10-03 22:15:29,2687.42
40149561,2026-10-03 22:30:31,2687.41
40149561,2026-10-03 22:45:32,2687.41
40149561,2026-10-03 23:00:40,2686.55
40149561,2026-10-03 23:15:29,2686.9
40149561,2026-10-03 23:30:29,2685.51
40149561,2026-10-03 23:45:40,2685.41
40149561,2026-10-04 00:00:34,2684.56
40149561,2026-10-04 00:15:29,2688.29
40149561,2026-10-04 00:30:32,2687.25
40149561,2026-10-04 00:45:29,2687.47
40149561,2026-10-04 01:00:44,2686.14
40149561,2026-10-04 01:15:29,2686.31
40149561,2026-10-04 01:30:34,2687.36
40149561,2026-10-04 01:45:30,2687.56
40149561,2026-10-04 02:00:47,2686.7
40149561,2026-10-04 02:15:29,2687.19
40149561,2026-10-04 02:30:40,2690.36
40149561,2026-10-04 02:45:31,2690.16
40149561,2026-10-04 03:00:33,2692.76
40149561,2026-10-04 03:15:32,2692.43
40149561,2026-10-04 03:30:33,2690.13
40149561,2026-10-04 03:45:30,2691.99
40149561,2026-10-04 04:00:45,2694.46
40149561,2026-10-04 04:15:31,2693.38
40149561,2026-10-04 04:30:30,2693.48
40149561,2026-10-04 04:45:41,2692.07
40149561,2026-10-04 05:00:48,2691.78
40149561,2026-10-04 05:15:31,2692.37
40149561,2026-10-04 05:30:33,2692.9
40149561,2026-10-04 05:45:30,2695.35
40149561,2026-10-04 06:00:49,2694.02
40149561,2026-10-04 06:15:30,2694.13
40149561,2026-10-04 06:30:44,2692.76
40149561,2026-10-04 06:45:31,2691.67
40149561,2026-10-04 07:00:36,2691.96
40149561,2026-10-04 07:15:30,2693.35
40149561,2026-10-04 07:30:41,2694.62
40149561,2026-10-04 07:45:32,2696.84
40149561,2026-10-04 08:00:46,2694.62
40149561,2026-10-04 08:15:45,2694.72
40149561,2026-10-04 08:30:37,2691.01
40149561,2026-10-04 08:45:31,2692.37
40149561,2026-10-04 09:00:34,2695.8
40149561,2026-10-04 09:15:35,2695.1
40149561,2026-10-04 09:30:31,2692.16
40149561,2026-10-04 09:45:45,2695.27
40149561,2026-10-04 10:00:34,2704.0
40149561,2026-10-04 10:15:34,2702.09
40149561,2026-10-04 10:30:35,2700.81
40149561,2026-10-04 10:45:33,2698.55
40149561,2026-10-04 11:00:32,2700.36
40149561,2026-10-04 11:15:32,2698.63
40149561,2026-10-04 11:30:36,2702.99
40149561,2026-10-04 11:45:33,2703.54
40149561,2026-10-04 12:00:40,2701.72
40149561,2026-10-04 12:15:40,2703.2
40149561,2026-10-04 12:30:48,2704.67
40149561,2026-10-04 12:45:31,2703.16
40149561,2026-10-04 13:00:31,2701.18
40149561,2026-10-04 13:15:40,2701.31
40149561,2026-10-04 13:30:38,2703.25
40149561,2026-10-04 13:45:37,2700.24
40149561,2026-10-04 14:00:48,2699.6
40149561,2026-10-04 14:15:42,2698.48
40149561,2026-10-04 14:30:49,2702.03
40149561,2026-10-04 14:45:47,2700.0
40149561,2026-10-04 15:00:57,2695.42
40149561,2026-10-04 15:15:32,2697.12
40149561,2026-10-04 15:30:49,2698.85
40149561,2026-10-04 15:45:32,2697.59
40149561,2026-10-04 16:00:37,2698.8
40149561,2026-10-04 16:15:41,2696.42
40149561,2026-10-04 16:30:32,2695.91
40149561,2026-10-04 16:45:44,2694.66
40149561,2026-10-04 17:00:32,2697.46
40149561,2026-10-04 17:15:47,2699.1
40149561,2026-10-04 17:30:55,2698.58
40149561,2026-10-04 17:45:30,2698.47
40149561,2026-10-04 18:00:37,2699.04
40149561,2026-10-04 18:15:31,2700.6
40149561,2026-10-04 18:30:29,2698.08
40149561,2026-10-04 18:45:32,2703.99
40149561,2026-10-04 19:00:57,2702.78
40149561,2026-10-04 19:15:30,2702.22
40149561,2026-10-04 19:30:30,2702.82
40149561,2026-10-04 19:45:36,2704.24
40149561,2026-10-04 20:00:59,2701.59
40149561,2026-10-04 20:15:33,2700.96
40149561,2026-10-04 20:30:38,2700.85
40149561,2026-10-04 20:45:43,2701.41
40149561,2026-10-04 21:00:37,2700.54
40149561,2026-10-04 21:15:29,2701.99
40149561,2026-10-04 21:30:46,2703.11
40149561,2026-10-04 21:45:42,2702.24
40149561,2026-10-04 22:00:51,2700.65
40149561,2026-10-04 22:15:30,2700.22
40149561,2026-10-04 22:30:30,2701.57
40149561,2026-10-04 22:45:40,2701.46
40149561,2026-10-04 23:00:28,2705.69
40149561,2026-10-04 23:15:39,2707.06
40149561,2026-10-04 23:30:32,2704.84
40149561,2026-10-04 23:45:30,2705.87
40149561,2026-10-05 00:00:35,2705.49
40149561,2026-10-05 00:15:28,2718.93
40149561,2026-10-05 00:30:41,2724.94
40149561,2026-10-05 00:45:28,2728.15
40149561,2026-10-05 01:00:36,2731.49
40149561,2026-10-05 01:15:38,2734.86
40149561,2026-10-05 01:30:44,2733.6
40149561,2026-10-05 01:45:30,2726.76
40149561,2026-10-05 02:00:48,2725.31
40149561,2026-10-05 02:15:29,2726.04
40149561,2026-10-05 02:30:34,2719.11
40149561,2026-10-05 02:45:30,2726.69
40149561,2026-10-05 03:00:32,2726.53
40149561,2026-10-05 03:15:32,2729.57
40149561,2026-10-05 03:30:30,2730.0
40149561,2026-10-05 03:45:32,2725.22
40149561,2026-10-05 04:00:51,2724.06
40149561,2026-10-05 04:15:34,2733.12
40149561,2026-10-05 04:30:42,2732.56
40149561,2026-10-05 04:45:42,2735.45
40149561,2026-10-05 05:00:37,2729.26
40149561,2026-10-05 05:15:32,2728.35
40149561,2026-10-05 05:30:39,2726.99
40149561,2026-10-05 05:45:33,2721.97
40149561,2026-10-05 06:00:55,2714.66
40149561,2026-10-05 06:15:29,2711.79
40149561,2026-10-05 06:30:29,2707.96
40149561,2026-10-05 06:45:29,2702.77
40149561,2026-10-05 07:00:33,2701.73
40149561,2026-10-05 07:15:33,2699.21
40149561,2026-10-05 07:30:45,2694.46
40149561,2026-10-05 07:45:36,2705.35
40149561,2026-10-05 08:00:47,2706.4
40149561,2026-10-05 08:15:38,2711.64
40149561,2026-10-05 08:30:57,2711.51
40149561,2026-10-05 08:45:34,2710.8
40149561,2026-10-05 09:00:34,2724.01
40149561,2026-10-05 09:15:38,2725.61
40149561,2026-10-05 09:30:37,2722.58
40149561,2026-10-05 09:45:29,2726.79
40149561,2026-10-05 10:00:55,2724.4
40149561,2026-10-05 10:15:50,2729.08
40149561,2026-10-05 10:30:58,2726.42
40149561,2026-10-05 10:45:39,2720.9
40149561,2026-10-05 11:00:54,2720.21
40149561,2026-10-05 11:15:38,2717.74
40149561,2026-10-05 11:30:45,2717.06
40149561,2026-10-05 11:45:55,2717.64
40149561,2026-10-05 12:00:30,2717.13
40149561,2026-10-05 12:15:38,2716.0
40149561,2026-10-05 12:30:31,2718.01
40149561,2026-10-05 12:45:47,2715.19
40149561,2026-10-05 13:00:46,2714.25
40149561,2026-10-05 13:15:34,2713.19
40149561,2026-10-05 13:30:32,2720.4
40149561,2026-10-05 13:45:47,2715.42
40149561,2026-10-05 14:00:42,2716.54
40149561,2026-10-05 14:15:31,2715.54
40149561,2026-10-05 14:30:37,2714.16
40149561,2026-10-05 14:45:46,2710.52
40149561,2026-10-05 15:01:01,2713.23
40149561,2026-10-05 15:15:32,2718.4
40149561,2026-10-05 15:30:37,2717.2
40149561,2026-10-05 15:45:30,2715.26
40149561,2026-10-05 16:01:01,2717.39
40149561,2026-10-05 16:15:36,2726.39
40149561,2026-10-05 16:30:56,2711.6
40149561,2026-10-05 16:45:29,2703.35
40149561,2026-10-05 17:00:44,2702.81
40149561,2026-10-05 17:15:32,2700.77
40149561,2026-10-05 17:30:40,2704.35
40149561,2026-10-05 17:45:36,2700.72
40149561,2026-10-05 18:00:33,2696.57
40149561,2026-10-05 18:15:30,2695.38
40149561,2026-10-05 18:30:42,2687.12
40149561,2026-10-05 18:45:36,2689.31
40149561,2026-10-05 19:00:30,2696.1
40149561,2026-10-05 19:15:38,2697.32
40149561,2026-10-05 19:30:45,2700.13
40149561,2026-10-05 19:45:44,2699.77
40149561,2026-10-05 20:00:36,2705.12
40149561,2026-10-05 20:15:30,2708.06
40149561,2026-10-05 20:30:46,2708.53
40149561,2026-10-05 20:45:31,2708.07
40149561,2026-10-05 21:00:32,2710.16
40149561,2026-10-05 21:15:29,2709.21
40149561,2026-10-05 21:30:38,2709.98
40149561,2026-10-05 21:45:29,2709.38
40149561,2026-10-05 22:00:29,2708.44
40149561,2026-10-05 22:15:41,2708.78
40149561,2026-10-05 22:30:28,2711.67
40149561,2026-10-05 22:45:29,2714.04
40149561,2026-10-05 23:00:38,2711.79
40149561,2026-10-05 23:15:35,2711.94
40149561,2026-10-05 23:30:30,2713.6
40149561,2026-10-05 23:45:39,2714.88
40149561,2026-10-06 00:00:37,2719.36
40149561,2026-10-06 00:15:38,2719.33
40149561,2026-10-06 00:30:35,2715.4
40149561,2026-10-06 00:45:29,2716.66
40149561,2026-10-06 01:00:34,2715.86
40149561,2026-10-06 01:15:39,2714.83
40149561,2026-10-06 01:30:36,2715.76
40149561,2026-10-06 01:45:37,2712.7
40149561,2026-10-06 02:00:48,2710.22
40149561,2026-10-06 02:15:39,2713.5
40149561,2026-10-06 02:30:43,2713.6
40149561,2026-10-06 02:45:28,2711.59
40149561,2026-10-06 03:00:45,2719.37
40149561,2026-10-06 03:15:31,2717.61
40149561,2026-10-06 03:30:30,2716.66
40149561,2026-10-06 03:45:40,2707.81
40149561,2026-10-06 04:00:39,2707.01
40149561,2026-10-06 04:15:29,2702.6
40149561,2026-10-06 04:30:33,2704.7
40149561,2026-10-06 04:45:30,2703.4
40149561,2026-10-06 05:00:57,2701.96
40149561,2026-10-06 05:15:33,2699.93
40149561,2026-10-06 05:30:48,2695.2
40149561,2026-10-06 05:45:31,2696.42
40149561,2026-10-06 06:00:33,2698.31
40149561,2026-10-06 06:15:31,2703.18
40149561,2026-10-06 06:31:11,2701.36
40149561,2026-10-06 06:46:11,2701.61
40149561,2026-10-06 07:01:18,2701.72
40149561,2026-10-06 07:16:07,2702.33
40149561,2026-10-06 07:31:14,2701.6
40149561,2026-10-06 07:46:06,2700.86
40149561,2026-10-06 08:00:29,2698.0
40149561,2026-10-06 08:15:29,2691.34
40149561,2026-10-06 08:30:29,2691.8
40149561,2026-10-06 08:45:29,2697.14
40149561,2026-10-06 09:00:29,2696.43
40149561,2026-10-06 09:15:29,2697.89
40149561,2026-10-06 09:30:29,2696.78
40149561,2026-10-06 09:45:29,2708.03
40149561,2026-10-06 10:00:29,2709.2
40149561,2026-10-06 10:15:29,2710.05
40149561,2026-10-06 10:30:29,2713.28
40149561,2026-10-06 10:45:29,2714.55
40149561,2026-10-06 11:00:29,2715.3
40149561,2026-10-06 11:15:29,2715.2
40149561,2026-10-06 11:30:29,2698.54
40149561,2026-10-06 11:45:29,2702.42
40149561,2026-10-06 12:00:30,2709.6
40149561,2026-10-06 12:15:29,2712.05
40149561,2026-10-06 12:30:29,2715.8
40149561,2026-10-06 12:45:29,2716.26
40149561,2026-10-06 13:00:30,2713.37
40149561,2026-10-06 13:15:29,2712.76
40149561,2026-10-06 13:30:29,2714.73
40149561,2026-10-06 13:45:29,2714.98
40149561,2026-10-06 14:00:29,2714.55
40149561,2026-10-06 14:15:29,2714.4
40149561,2026-10-06 14:30:29,2708.89
40149561,2026-10-06 14:45:29,2714.19
40149561,2026-10-06 15:00:29,2713.92
40149561,2026-10-06 15:15:29,2712.06
40149561,2026-10-06 15:30:29,2709.82
40149561,2026-10-06 15:45:29,2716.5
40149561,2026-10-06 16:00:29,2713.3
40149561,2026-10-06 16:15:29,2716.42
40149561,2026-10-06 16:30:29,2707.64
40149561,2026-10-06 16:45:29,2713.65
40149561,2026-10-06 17:00:29,2722.03
40149561,2026-10-06 17:15:29,2723.65
40149561,2026-10-06 17:30:29,2714.66
40149561,2026-10-06 17:45:29,2711.75
40149561,2026-10-06 18:00:29,2703.17
40149561,2026-10-06 18:15:29,2704.37
40149561,2026-10-06 18:30:29,2701.97
40149561,2026-10-06 18:45:29,2699.66
40149561,2026-10-06 19:00:29,2696.11
40149561,2026-10-06 19:15:29,2694.9
40149561,2026-10-06 19:30:29,2695.79
40149561,2026-10-06 19:45:29,2695.32
40149561,2026-10-06 20:00:29,2700.16
40149561,2026-10-06 20:15:29,2700.32
40149561,2026-10-06 20:30:29,2697.1
40149561,2026-10-06 20:45:29,2693.58
40149561,2026-10-06 21:00:07,2690.13
40149561,2026-10-06 21:15:07,2686.44
40149561,2026-10-06 21:30:07,2687.02
40149561,2026-10-06 21:45:07,2687.67
40149561,2026-10-06 22:00:07,2691.69
40149561,2026-10-06 22:15:07,2692.4
40149561,2026-10-06 22:30:07,2694.46
40149561,2026-10-06 22:45:07,2697.45
40149561,2026-10-06 23:00:07,2698.32
40149561,2026-10-06 23:15:07,2696.98
40149561,2026-10-06 23:30:07,2696.97
40149561,2026-10-06 23:45:07,2697.36
40149561,2026-10-07 00:00:07,2697.85
40149561,2026-10-07 00:15:07,2696.65
40149561,2026-10-07 00:30:07,2695.1
40149561,2026-10-07 00:45:07,2696.3
40149561,2026-10-07 01:00:07,2696.26
40149561,2026-10-07 01:15:07,2697.74
40149561,2026-10-07 01:30:07,2697.87
40149561,2026-10-07 01:45:07,2698.93
40149561,2026-10-07 02:00:07,2697.1
40149561,2026-10-07 02:15:07,2698.65
40149561,2026-10-07 02:30:07,2693.58
40149561,2026-10-07 02:45:07,2697.86
40149561,2026-10-07 03:00:07,2696.32
40149561,2026-10-07 03:15:07,2692.76
40149561,2026-10-07 03:30:07,2684.78
40149561,2026-10-07 03:45:07,2688.67
40149561,2026-10-07 04:00:07,2656.07
40149561,2026-10-07 04:15:07,2611.35
40149561,2026-10-07 04:30:07,2611.75
40149561,2026-10-07 04:45:07,2613.69
40149561,2026-10-07 05:00:07,2611.3
40149561,2026-10-07 05:15:07,2611.18
40149561,2026-10-07 05:30:07,2607.37
40149561,2026-10-07 05:45:07,2611.31
40149561,2026-10-07 06:00:07,2610.39
40149561,2026-10-07 06:15:07,2611.53
40149561,2026-10-07 06:30:07,2607.17
40149561,2026-10-07 06:45:07,2608.98
40149561,2026-10-07 07:00:07,2609.83
40149561,2026-10-07 07:15:07,2612.91
40149561,2026-10-07 07:30:07,2614.71
40149561,2026-10-07 07:45:07,2617.05
40149561,2026-10-07 08:00:07,2619.99
40149561,2026-10-07 08:15:07,2619.2
40149561,2026-10-07 08:30:07,2615.38
40149561,2026-10-07 08:45:07,2622.52
40149561,2026-10-07 09:00:07,2617.47
40149561,2026-10-07 09:15:07,2618.0
40149561,2026-10-07 09:30:07,2617.18
40149561,2026-10-07 09:45:07,2620.26
40149561,2026-10-07 10:00:07,2615.41
40149561,2026-10-07 10:15:07,2614.15
40149561,2026-10-07 10:30:07,2614.6
40149561,2026-10-07 10:45:07,2611.74
40149561,2026-10-07 11:00:07,2608.97
40149561,2026-10-07 11:15:07,2607.88
40149561,2026-10-07 11:30:07,2605.62
40149561,2026-10-07 11:45:07,2597.04
40149561,2026-10-07 12:00:07,2595.91
40149561,2026-10-07 12:15:07,2586.17
40149561,2026-10-07 12:30:07,2585.71
40149561,2026-10-07 12:45:07,2574.94
40149561,2026-10-07 13:00:07,2579.08
40149561,2026-10-07 13:15:07,2581.58
40149561,2026-10-07 13:30:07,2576.17
40149561,2026-10-07 13:45:07,2573.95
40149561,2026-10-07 14:00:07,2577.07
40149561,2026-10-07 14:15:07,2582.4
40149561,2026-10-07 14:30:07,2571.51
40149561,2026-10-07 14:45:07,2569.61
40149561,2026-10-07 15:00:07,2572.34
40149561,2026-10-07 15:15:07,2560.96
40149561,2026-10-07 15:30:07,2560.3
40149561,2026-10-07 15:45:07,2556.17
40149561,2026-10-07 16:00:07,2568.52
40149561,2026-10-07 16:15:07,2562.31
40149561,2026-10-07 16:30:07,2559.81
40149561,2026-10-07 16:45:07,2558.39
40149561,2026-10-07 17:00:07,2561.28
40149561,2026-10-07 17:15:07,2563.98
40149561,2026-10-07 17:30:07,2559.78
40149561,2026-10-07 17:45:07,2563.81
40149561,2026-10-07 18:00:07,2569.14
40149561,2026-10-07 18:15:07,2570.68
40149561,2026-10-07 18:30:07,2569.73
40149561,2026-10-07 18:45:07,2565.47
40149561,2026-10-07 19:00:07,2566.68
40149561,2026-10-07 19:15:07,2569.08
40149561,2026-10-07 19:30:07,2558.7
40149561,2026-10-07 19:45:07,2543.6
40149561,2026-10-07 20:00:07,2550.35
40149561,2026-10-07 20:15:07,2557.84
40149561,2026-10-07 20:30:07,2558.01
40149561,2026-10-07 20:45:07,2556.29
40149561,2026-10-07 21:00:07,2561.84
40149561,2026-10-07 21:15:34,2559.22
40149561,2026-10-07 21:30:34,2565.89
40149561,2026-10-07 21:45:34,2567.93
40149561,2026-10-07 22:00:34,2569.84
40149561,2026-10-07 22:15:34,2574.2
40149561,2026-10-07 22:30:34,2575.77
40149561,2026-10-07 22:45:34,2569.58
40149561,2026-10-07 23:00:34,2573.28
40149561,2026-10-07 23:15:34,2570.35
40149561,2026-10-07 23:30:34,2568.29
40149561,2026-10-07 23:45:34,2565.54
40149561,2026-10-08 00:00:34,2566.5
40149561,2026-10-08 00:15:34,2565.63
40149561,2026-10-08 00:30:34,2568.17
40149561,2026-10-08 00:45:34,2568.01
40149561,2026-10-08 01:00:34,2568.64
40149561,2026-10-08 01:15:34,2568.06
40149561,2026-10-08 01:30:34,2574.72
40149561,2026-10-08 01:45:34,2573.2
40149561,2026-10-08 02:00:34,2573.05
40149561,2026-10-08 02:15:34,2570.39
40149561,2026-10-08 02:30:34,2570.77
40149561,2026-10-08 02:45:34,2570.58
40149561,2026-10-08 03:00:34,2575.75
40149561,2026-10-08 03:15:34,2579.69
40149561,2026-10-08 03:30:34,2579.59
40149561,2026-10-08 03:45:34,2580.68
40149561,2026-10-08 04:00:34,2576.58
40149561,2026-10-08 04:15:34,2577.07
40149561,2026-10-08 04:30:34,2577.2
40149561,2026-10-08 04:45:34,2582.88
40149561,2026-10-08 05:00:34,2577.93
40149561,2026-10-08 05:15:34,2567.72
40149561,2026-10-08 05:30:34,2568.36
40149561,2026-10-08 05:45:34,2566.62
40149561,2026-10-08 06:00:34,2561.92
40149561,2026-10-08 06:15:34,2562.0
40149561,2026-10-08 06:30:34,2571.49
40149561,2026-10-08 06:45:34,2556.01
40149561,2026-10-08 07:00:34,2560.76
40149561,2026-10-08 07:15:34,2566.41
40149561,2026-10-08 07:30:34,2569.64
40149561,2026-10-08 07:45:34,2567.68
40149561,2026-10-08 08:00:34,2558.35
40149561,2026-10-08 08:15:34,2570.24
40149561,2026-10-08 08:30:34,2556.6
40149561,2026-10-08 08:45:34,2560.45
40149561,2026-10-08 09:00:34,2563.0
40149561,2026-10-08 09:15:34,2567.64
40149561,2026-10-08 09:30:34,2570.18
40149561,2026-10-08 09:45:34,2571.51
40149561,2026-10-08 10:00:34,2566.79
40149561,2026-10-08 10:15:34,2565.21
40149561,2026-10-08 10:30:34,2562.35
40149561,2026-10-08 10:45:34,2562.04
40149561,2026-10-08 11:00:34,2558.51
40149561,2026-10-08 11:15:34,2562.4
40149561,2026-10-08 11:30:34,2561.63
40149561,2026-10-08 11:45:34,2566.48
40149561,2026-10-08 12:00:34,2567.22
40149561,2026-10-08 12:15:34,2561.45
40149561,2026-10-08 12:30:34,2556.29
40149561,2026-10-08 12:45:34,2552.67
40149561,2026-10-08 13:00:34,2548.57
40149561,2026-10-08 13:15:34,2534.36
40149561,2026-10-08 13:30:34,2539.01
40149561,2026-10-08 13:45:34,2540.05
40149561,2026-10-08 14:00:34,2533.8
40149561,2026-10-08 14:15:34,2533.69
40149561,2026-10-08 14:30:34,2532.32
40149561,2026-10-08 14:45:34,2531.19
40149561,2026-10-08 15:00:34,2529.46
40149561,2026-10-08 15:15:34,2534.74
40149561,2026-10-08 15:30:34,2534.0
40149561,2026-10-08 15:45:34,2508.52
40149561,2026-10-08 16:00:34,2518.28
40149561,2026-10-08 16:15:34,2530.29
40149561,2026-10-08 16:30:34,2530.36
40149561,2026-10-08 16:45:34,2526.17
40149561,2026-10-08 17:00:34,2529.76
40149561,2026-10-08 17:15:34,2506.36
40149561,2026-10-08 17:30:34,2459.52
40149561,2026-10-08 17:45:34,2454.73
40149561,2026-10-08 18:00:34,2439.16
40149561,2026-10-08 18:15:34,2420.5
40149561,2026-10-08 18:30:34,2428.23
40149561,2026-10-08 18:45:34,2430.23
40149561,2026-10-08 19:00:34,2408.96
40149561,2026-10-08 19:15:34,2423.86
40149561,2026-10-08 19:30:34,2417.2
40149561,2026-10-08 19:45:34,2420.73
40149561,2026-10-08 20:00:34,2414.75
40149561,2026-10-08 20:15:34,2417.53
40149561,2026-10-08 20:30:34,2435.39
40149561,2026-10-08 20:45:34,2447.06
40149561,2026-10-08 21:00:34,2446.08
40149561,2026-10-08 21:15:34,2449.36
40149561,2026-10-08 21:30:34,2456.67
40149561,2026-10-08 21:45:34,2458.89
40149561,2026-10-08 22:00:34,2462.97
40149561,2026-10-08 22:15:34,2469.5
40149561,2026-10-08 22:30:34,2468.48
40149561,2026-10-08 22:45:34,2470.58
40149561,2026-10-08 23:00:34,2474.56
40149561,2026-10-08 23:15:34,2471.91
40149561,2026-10-08 23:30:34,2472.96
40149561,2026-10-08 23:45:34,2473.04
40149561,2026-10-09 00:00:34,2479.78
40149561,2026-10-09 00:15:34,2477.58
40149561,2026-10-09 00:30:34,2472.1
40149561,2026-10-09 00:45:34,2473.47
40149561,2026-10-09 01:00:34,2474.15
40149561,2026-10-09 01:15:34,2474.57
40149561,2026-10-09 01:30:34,2476.45
40149561,2026-10-09 01:45:34,2473.3
40149561,2026-10-09 02:00:34,2473.48
40149561,2026-10-09 02:15:34,2478.24
40149561,2026-10-09 02:30:34,2476.03
40149561,2026-10-09 02:45:34,2479.11
40149561,2026-10-09 03:00:34,2474.72
40149561,2026-10-09 03:15:34,2472.83
40149561,2026-10-09 03:30:34,2476.26
40149561,2026-10-09 03:45:34,2481.52
40149561,2026-10-09 04:00:34,2480.01
40149561,2026-10-09 04:15:34,2480.74
40149561,2026-10-09 04:30:34,2477.09
40149561,2026-10-09 04:45:34,2483.34
40149561,2026-10-09 05:00:34,2486.53
40149561,2026-10-09 05:15:34,2483.37
40149561,2026-10-09 05:30:34,2485.86
40149561,2026-10-09 05:45:34,2490.4
40149561,2026-10-09 06:00:34,2492.17
40149561,2026-10-09 06:15:34,2491.85
40149561,2026-10-09 06:30:34,2491.09
40149561,2026-10-09 06:45:34,2488.16
40149561,2026-10-09 07:00:34,2485.18
40149561,2026-10-09 07:15:34,2490.21
40149561,2026-10-09 07:30:34,2494.0
40149561,2026-10-09 07:45:34,2494.54
40149561,2026-10-09 08:00:34,2489.26
40149561,2026-10-09 08:15:34,2494.02
40149561,2026-10-09 08:30:34,2496.16
40149561,2026-10-09 08:45:34,2497.13
40149561,2026-10-09 09:00:34,2495.77
40149561,2026-10-09 09:15:34,2497.23
40149561,2026-10-09 09:30:34,2499.0
40149561,2026-10-09 09:45:34,2499.62
40149561,2026-10-09 10:00:34,2499.35
40149561,2026-10-09 10:15:34,2501.34
40149561,2026-10-09 10:30:34,2497.4
40149561,2026-10-09 10:45:34,2495.78
40149561,2026-10-09 11:00:34,2503.13
40149561,2026-10-09 11:15:34,2501.13
40149561,2026-10-09 11:30:34,2503.82
40149561,2026-10-09 11:45:34,2502.31
40149561,2026-10-09 12:00:34,2500.65
40149561,2026-10-09 12:15:34,2498.88
40149561,2026-10-09 12:30:34,2498.9
40149561,2026-10-09 12:45:34,2491.85
40149561,2026-10-09 13:00:34,2490.85
40149561,2026-10-09 13:15:34,2487.73
40149561,2026-10-09 13:30:34,2491.1
40149561,2026-10-09 13:45:34,2498.94
40149561,2026-10-09 14:00:34,2501.51
40149561,2026-10-09 14:15:34,2505.34
40149561,2026-10-09 14:30:34,2498.82
40149561,2026-10-09 14:45:34,2494.6
40149561,2026-10-09 15:00:34,2497.19
40149561,2026-10-09 15:15:34,2496.27
40149561,2026-10-09 15:30:34,2493.57
40149561,2026-10-09 15:45:34,2481.22
40149561,2026-10-09 16:00:34,2480.3
40149561,2026-10-09 16:15:34,2485.99
40149561,2026-10-09 16:30:34,2493.65
40149561,2026-10-09 16:45:34,2490.42
40149561,2026-10-09 17:00:34,2487.61
40149561,2026-10-09 17:15:34,2484.36
40149561,2026-10-09 17:30:34,2485.19
40149561,2026-10-09 17:45:34,2487.69
40149561,2026-10-09 18:00:34,2485.72
40149561,2026-10-09 18:15:34,2495.19
40149561,2026-10-09 18:30:34,2488.6
40149561,2026-10-09 18:45:34,2488.76
40149561,2026-10-09 19:00:34,2489.66
40149561,2026-10-09 19:15:34,2483.83
40149561,2026-10-09 19:30:34,2486.19
40149561,2026-10-09 19:45:34,2482.89
40149561,2026-10-09 20:00:34,2486.1
40149561,2026-10-09 20:15:34,2484.57
40149561,2026-10-09 20:30:34,2481.65
40149561,2026-10-09 20:45:34,2481.08
40149561,2026-10-09 21:00:34,2480.65
40149561,2026-10-09 21:15:34,2482.91
40149561,2026-10-09 21:30:34,2481.59
40149561,2026-10-09 21:45:34,2476.55
40149561,2026-10-09 22:00:34,2475.76
40149561,2026-10-09 22:15:34,2477.26
40149561,2026-10-09 22:30:34,2476.54
40149561,2026-10-09 22:45:34,2476.44
40149561,2026-10-09 23:00:34,2481.32
40149561,2026-10-09 23:15:34,2481.45
40149561,2026-10-09 23:30:34,2481.07
40149561,2026-10-09 23:45:34,2481.9
40149561,2026-10-10 00:00:34,2482.08
40149561,2026-10-10 00:15:34,2479.14
40149561,2026-10-10 00:30:34,2484.53
40149561,2026-10-10 00:45:34,2488.67
40149561,2026-10-10 01:00:34,2486.7
40149561,2026-10-10 01:15:34,2485.4
40149561,2026-10-10 01:30:34,2486.56
40149561,2026-10-10 01:45:34,2486.73
40149561,2026-10-10 02:00:34,2485.27
40149561,2026-10-10 02:15:34,2486.03
40149561,2026-10-10 02:30:34,2488.37
40149561,2026-10-10 02:45:34,2486.82
40149561,2026-10-10 03:00:34,2486.78
40149561,2026-10-10 03:15:34,2489.6
40149561,2026-10-10 03:30:34,2488.5
40149561,2026-10-10 03:45:34,2490.95
40149561,2026-10-10 04:00:34,2493.75
40149561,2026-10-10 04:15:34,2492.15
40149561,2026-10-10 04:30:34,2491.21
40149561,2026-10-10 04:45:34,2491.61
40149561,2026-10-10 05:00:34,2489.85
40149561,2026-10-10 05:15:34,2490.64
40149561,2026-10-10 05:30:34,2488.75
40149561,2026-10-10 05:45:34,2488.53
40149561,2026-10-10 06:00:34,2489.72
40149561,2026-10-10 06:15:34,2492.2
40149561,2026-10-10 06:30:34,2490.71
40149561,2026-10-10 06:45:34,2492.48
40149561,2026-10-10 07:00:34,2492.62
40149561,2026-10-10 07:15:34,2493.81
40149561,2026-10-10 07:30:34,2492.91
40149561,2026-10-10 07:45:34,2495.48
40149561,2026-10-10 08:00:34,2496.59
40149561,2026-10-10 08:15:34,2493.58
40149561,2026-10-10 08:30:34,2493.1
40149561,2026-10-10 08:45:34,2495.04
40149561,2026-10-10 09:00:34,2491.94
40149561,2026-10-10 09:15:42,2492.17
40149561,2026-10-10 09:30:42,2491.01
40149561,2026-10-10 09:45:42,2491.45
40149561,2026-10-10 10:00:42,2492.77
40149561,2026-10-10 10:15:42,2493.67
40149561,2026-10-10 10:30:42,2491.94
40149561,2026-10-10 10:45:42,2491.34
40149561,2026-10-10 11:00:42,2493.43
40149561,2026-10-10 11:15:42,2494.37
40149561,2026-10-10 11:30:42,2495.14
40149561,2026-10-10 11:45:42,2494.46
40149561,2026-10-10 12:00:42,2495.01
40149561,2026-10-10 12:15:42,2492.62
40149561,2026-10-10 12:30:42,2491.55
40149561,2026-10-10 12:45:42,2493.18
40149561,2026-10-10 13:00:42,2493.32
40149561,2026-10-10 13:15:42,2492.18
40149561,2026-10-10 13:30:42,2492.91
40149561,2026-10-10 13:45:42,2496.16
40149561,2026-10-10 14:00:42,2494.9
40149561,2026-10-10 14:15:42,2494.89
40149561,2026-10-10 14:30:42,2494.75
40149561,2026-10-10 14:45:42,2495.62
40149561,2026-10-10 15:00:42,2494.14
40149561,2026-10-10 15:15:42,2493.61
40149561,2026-10-10 15:30:42,2497.19
40149561,2026-10-10 15:45:42,2495.61
40149561,2026-10-10 16:00:42,2496.68
40149561,2026-10-10 16:15:42,2495.94
40149561,2026-10-10 16:30:42,2502.94
40149561,2026-10-10 16:45:42,2508.26
40149561,2026-10-10 17:00:42,2506.88
40149561,2026-10-10 17:15:42,2504.77
40149561,2026-10-10 17:30:42,2507.34
40149561,2026-10-10 17:45:42,2508.94
40149561,2026-10-10 18:00:42,2509.68
40149561,2026-10-10 18:15:49,2507.49
40149561,2026-10-10 18:30:46,2502.68
40149561,2026-10-10 18:45:47,2505.15
40149561,2026-10-10 19:01:05,2502.63
40149561,2026-10-10 19:15:49,2504.54
40149561,2026-10-10 19:30:46,2504.16
40149561,2026-10-10 19:45:48,2505.28
40149561,2026-10-10 20:01:03,2505.76
40149561,2026-10-10 20:15:42,2507.19
40149561,2026-10-10 20:30:46,2508.12
40149561,2026-10-10 20:45:44,2507.12
40149561,2026-10-10 21:00:49,2510.04
